﻿Subtype,gene,AMR_gene,Subtype,ARG_type,Resistance Mechasnism,BG12-2,CN-4,FI-1,G1,G2,G3,G4,G5,G6,G7,G8,MG3-2,MG6-4,MGM-3,ML1,ML2,ML3,MS4-1,MS5-1,MS6-5,MS7-5,MtG-4,MtG22-5,PT-2,SP-2,SV1,SV10,SV2,SV3,SV4,SV5,SV6,SV7,SV8,SV9,SW1,SW2,SW3,SW4,SW5,SW6,TG1-5,TG5-1
aminoglycoside__AAC(2')-Ib,AAC(2')-Ib,AAC(2')-Ib,aminoglycoside__AAC(2')-Ib,Aminoglycoside, antibiotic inactivation,0,0,0,0,0,0.598009823,0.405875391,0,0,0.571331166,0,0,0,0,0,0,0,0,0,0,0,0,0,0,0,0,0,0,0,0,0,0,0,0,0,0,0,0.074816341,0,0,0,0,0
aminoglycoside__AAC(2')-Ic,AAC(2')-Ic,AAC(2')-Ic,aminoglycoside__AAC(2')-Ic,Aminoglycoside, antibiotic inactivation,0,0,0,0,0,0,0,0,0,0.615522527,0,0,0,0,0,0,0,0,0,0,0,0,0,0,0,0,0,0,0,0,0,0,0,0,0,0,0,0,0.075344242,0,0,0,0
aminoglycoside__AAC(3)-Id,AAC(3)-Id,AAC(3)-Id,aminoglycoside__AAC(3)-Id,Aminoglycoside, antibiotic inactivation,0,0,0,0,0,0,0,0,0,0,0,0,0,0,0,0.361981328,0,0,0,0,0,0,0,0,0,0,0,0,0,0,0,0,0,0,0,0,0,0,0,0,0,0,0
aminoglycoside__AAC(3)-IIIb,AAC(3)-IIIb,AAC(3)-IIIb,aminoglycoside__AAC(3)-IIIb,Aminoglycoside, antibiotic inactivation,0,0,0,0,0,0,0,0,0,0,0,0,0,0,0,0,0,0,0,0,3.494976461,0,0,0,0,0,0,0,0,0,0,0,0,0,0,0,0,0,0.050137161,0,0,0,0
aminoglycoside__AAC(3)-IIIc,AAC(3)-IIIc,AAC(3)-IIIc,aminoglycoside__AAC(3)-IIIc,Aminoglycoside, antibiotic inactivation,0,0,0,0,0,0,0,0,0,0,0,0,0,0,0.225719848,0,0,0,0,0,0,0,0,0,0,0,0,0,0,0,0,0,0,0,0,0,0,0,0,0,0,0,0
aminoglycoside__AAC(3)-IVb,AAC(3)-IVb,AAC(3)-IVb,aminoglycoside__AAC(3)-IVb,Aminoglycoside, antibiotic inactivation,0,0,0,0,0,0,0,0,0,0,0,0,0,0,0.250899751,0,0,3.660665879,0,0,0,0,0,0,0,0,0,0,0,0,0,0,0,0,1.869467701,0,0,0,0,0,0,0,0
aminoglycoside__AAC(6')-31,AAC(6')-31,AAC(6')-31,aminoglycoside__AAC(6')-31,Aminoglycoside, antibiotic inactivation,0,0,0,0,0,0,0,0,0,0,0,0,0,0,0.342259987,0,0,0,0,0,0,0,0,0,0,0,0,0,0,0,0,0,0,0,0,0,0,0,0.074115803,0,0,0,0
aminoglycoside__AAC(6')-Ib',AAC(6')-Ib',AAC(6')-Ib',aminoglycoside__AAC(6')-Ib',Aminoglycoside, antibiotic inactivation,0,0,0,0,0,0,0,0,0,0,0,0,0,0,0.342259987,0,0,0,0,0,0,0,0,0,0,0,0,0,0,0,0,0,0,0,0,0,0,0,0,0,0,0,0
aminoglycoside__AAC(6')-IIa,AAC(6')-IIa,AAC(6')-IIa,aminoglycoside__AAC(6')-IIa,Aminoglycoside, antibiotic inactivation,0,0,0,0,0,0,0,0,0,0,0,0,0,0,0,0.310831792,0,0,0,0,0,0,0,0,0,0,0,0,0,0,4.16707504,0,0,0,0,0,0,0,0,0,0,0,0
aminoglycoside__AAC(6')-Isa,AAC(6')-Isa,AAC(6')-Isa,aminoglycoside__AAC(6')-Isa,Aminoglycoside, antibiotic inactivation,0,0,0,0,0,0,0,0,0,0,0,0,0,0,0,0,0,0,0,0,0,0,0,0,0,0,0,0,0,0,0,0,0,0,0,0,0,0,0.086861833,0,0,0,0
aminoglycoside__aadA,aadA,aadA,aminoglycoside__aadA,Aminoglycoside, antibiotic inactivation,0,0,0,0,0,0,0,0,0,0,0,0,0,0,0,0,0,0,0,0,0,0,0,0,0,0,0,0,0,0,0,0,0,0,0,0,0,0,0,0,0,0,2.832204054
aminoglycoside__aadA23,aadA23,aadA23,aminoglycoside__aadA23,Aminoglycoside, antibiotic inactivation,0,0,0,0,0,0,0,0,0,0,0,0,0,0,0,0,0,0,0,0,0,0,0,0,4.059992199,0,0,0,0,0,0,0,0,0,0,0,0,0,0,0,0,0,0
aminoglycoside__amrB,amrB_ami,amrB_ami,aminoglycoside__amrB,Aminoglycoside, antibiotic inactivation,0,0,0,0,0,0,0,0.036052256,0,0,0,0,0,0,0,0,0,0,0,0,0,0,0,0,0,0,0,0,0,0,0,0,0,0,0,0,0,0,0,0,0,0,0
aminoglycoside__APH(3')-Ia,APH(3')-Ia,APH(3')-Ia,aminoglycoside__APH(3')-Ia,Aminoglycoside, antibiotic inactivation,3.052884616,0,0,0,0,0,0,0,0,0,0,0,0,0,0.248916354,0,0,0,0,0,0,0,0,0,0,0,0,0,0,0,0,0,0,0,0,0,0,0,0,0,0,0,3.761346096
aminoglycoside__APH(6)-Id,APH(6)-Id,APH(6)-Id,aminoglycoside__APH(6)-Id,Aminoglycoside, antibiotic inactivation,0,0,0,0,0,0,0,0,0,0,0,0,0,0,0,0,0.273069342,0,0,0,0,0,0,0,0,0,0,0,0,0,0,0,0,0,0,0,0,0,0,0,0,0,0
aminoglycoside__APH(7'')-Ia,APH(7'')-Ia,APH(7'')-Ia,aminoglycoside__APH(7'')-Ia,Aminoglycoside, antibiotic inactivation,2.491963045,0,0,0,0,0,0,0,0,0,0,0,0,0,0,0,0,0,0,0,0,0,0,0,0,0,0,0,0,0,0,0,0,0,0,0,0,0,0,0,0,0,0
bacitracin__bacA,bacA,bacA,bacitracin__bacA,Bacitracin,antibiotic inactivation,0,3.290318917,0,3.414734281,3.260025054,10.15543017,3.755336412,1.235118728,0.332412219,1.175539489,2.077956108,0,0,10.40328274,10.21481113,4.302309202,2.440714023,3.104145728,2.866657802,0,0,5.906888636,0,0,0,7.397111122,0,0,93.81211436,52.50921997,30.61982273,6.775258293,11.84480043,18.80027072,6.850166319,3.602507425,8.736449642,1.541626182,2.86115979,1.694970509,1.230701614,0,0
bacitracin__bcrA,bcrA,bcrA,bacitracin__bcrA,Bacitracin,antibiotic inactivation,0,0,0,0,0,0,0,0,0,0,0,0,0,0,0,0.179852358,0,0,0,0,0,0,0,0,0,0,0,0,0,0,0,0,0,0,0,0,0,0,0,0,0,0,0
beta_lactam__ALG6-1,ALG6-1,ALG6-1,beta_lactam__ALG6-1,beta_lactam,antibiotic target protection,0,0,0,0,0,0,0,0,0,0,0,0,0,0,0,0,0,0,0,0,0,0,0,0,0,0,0,0,0,0,2.411137759,0,0,0,0,0,0,0,0,0,0,0,0
beta_lactam__BJP-1,BJP-1,BJP-1,beta_lactam__BJP-1,beta_lactam,antibiotic target protection,0,0,0,0,0,0,0,0,0,3.031553126,1.399525673,0,0,0,0.214203529,0,0,0,0,0,0,0,0,0,0,0,0,0,0,0,0,0,0,0,0,0,0,0,0.092770802,0,0.03290335,0,0
beta_lactam__blaC,blaC,blaC,beta_lactam__blaC,beta_lactam,antibiotic target protection,0,0,0,0,0,0,0,0,0,0.725795292,0,0,0,0,0,0,0,0,0,0,0,0,0,0,0,0,0,0,0,0,0,0,0,0,0,0,0,0,0,0,0,0,0
beta_lactam__blaS1,blaS1,blaS1,beta_lactam__blaS1,beta_lactam,antibiotic target protection,0,0,0,0,0,0,0.270121847,0,0,0,0,0,0,0,0,0,0,0,0,0,0,0,0,0,0,0,0,0,0,0,0,0,0,0,0,0,0,0,0,0,0,0,0
beta_lactam__CAM-1,CAM-1,CAM-1,beta_lactam__CAM-1,beta_lactam,antibiotic target protection,0,0,0,0,0,0,0,0,0,0,0,0,3.843913333,0,0,0,0,0,0,0,0,0,0,0,0,0,0,0,0,0,0,0,0,0,0,0,0,0,0,0,0,0,0
beta_lactam__CGA-1,CGA-1,CGA-1,beta_lactam__CGA-1,beta_lactam,antibiotic target protection,0,0,0,0,0,0,0,0,0,0,0,0,0,0,0.64701203,0,0,0,0,0,0,0,0,0,0,0,0,0,0,0,0,0,0,0,0,0,0,0,0,0,0,0,0
beta_lactam__CPS-1,CPS-1,CPS-1,beta_lactam__CPS-1,beta_lactam,antibiotic target protection,0,0,0,0,0,0,0,0,0,0,0,0,0,0,0.217158061,0,0,0,0,0,0,0,0,0,0,0,0,0,0,0,0,0,0,0,0,0,0,0,0,0,0,0,0
beta_lactam__CRD3-1,CRD3-1,CRD3-1,beta_lactam__CRD3-1,beta_lactam,antibiotic target protection,0,0,0,0,0,0.384857807,0,0,0,0,0,0,0,0,0,0.18875594,0,0,0,3.458138736,0,0,0,0,0,0,0,0,0,0,0,6.193882994,1.19204273,0,0,0,0.194068931,0,0,0,0,0,0
beta_lactam__EXO beta-lactamase,EXO bl,EXO bl,beta_lactam__EXO beta-lactamase,beta_lactam,antibiotic target protection,0,0,0,0,0,0,0,0,0,0,0,0,0,0,0,0.182143471,0,0,0,0,0,0,0,0,0,0,0,0,0,0,0,0,0,0,0,0,0,0,0,0,0,0,0
beta_lactam__FEZ-1,FEZ-1,FEZ-1,beta_lactam__FEZ-1,beta_lactam,antibiotic target protection,0,0,0,0,0,0,0,0,0,0,0.486359986,0,0,0,0.446637146,0,0,0,0,0,0,0,0,0,0,0,0,0,0,0,0,0,1.28081187,0,0,0,0,0,0.048359248,0,0.068606986,0,0
beta_lactam__FIA-1,FIA-1,FIA-1,beta_lactam__FIA-1,beta_lactam,antibiotic target protection,0,0,0,0,0,0,0,0,0,0,0,0,0,0,0.25291501,0,0,0,0,0,0,0,0,0,0,0,0,0,0,0,0,0,0,0,0,0,0,0,0,0,0,0,0
beta_lactam__IMP-22,IMP-22,IMP-22,beta_lactam__IMP-22,beta_lactam,antibiotic target protection,0,0,0,0,0,0,0,0,0,0,0,0,0,0,0,0,0,0,0,0,0,0,0,0,0,0,0,0,0,0,0,0,0,0,0,0.504990179,0,0,0,0,0,0,0
beta_lactam__JOHN-1,JOHN-1,JOHN-1,beta_lactam__JOHN-1,beta_lactam,antibiotic target protection,0,0,0,0,0,0,0,0,0,0,0,0,0,0,0,0.230617136,0,0,0,0,0,0,0,0,0,0,0,0,0,0,0,0,0,0,0,0,0,0,0,0,0,0,0
beta_lactam__LRA-10,LRA-10,LRA-10,beta_lactam__LRA-10,beta_lactam,antibiotic target protection,0,0,0,0,0,0,0,0,0,0,0,0,0,0,0,0,0,0,0,0,0,0,0,0,0,0,0,0,0,0,0,0,0,0,0,0,0,0,0.036366154,0,0,0,0
beta_lactam__LRA-12,LRA-12,LRA-12,beta_lactam__LRA-12,beta_lactam,antibiotic target protection,0,0,0,0,0,0,0.270121847,0,0,0,0,0,0,0,0.214934599,0.195198122,0.261885615,0,0,0,0,0,0,0,0,0,0,0,0,0,0,0,1.232726783,0,0,0,0,0,0,0,0,0,0
beta_lactam__LRA-19,LRA-19,LRA-19,beta_lactam__LRA-19,beta_lactam,antibiotic target protection,0,0,0,0,0,0,0,0,0,0,0,0,0,0,0,0,0,0,0,0,0,0,0,0,0,0,0,0,0,0,0,0,0,0,0,0,0,0.048630622,0,0,0,0,0
beta_lactam__LRA-3,LRA-3,LRA-3,beta_lactam__LRA-3,beta_lactam,antibiotic target protection,0,0,0,0,0,0,1.308629446,2.241208817,0.307179608,1.105500145,0.906802583,0,0,0,0,0,0.507323602,0,0,0,0,0,0,0,0,0,0,0,0,0,0,0,0,0,0,0,0,0.096617129,0.090015233,0,0.255725331,0,0
beta_lactam__LRA-5,LRA-5,LRA-5,beta_lactam__LRA-5,beta_lactam,antibiotic target protection,0,0,0,0,0,0,0,0,0,0,0,0,0,0,0,0,0.235375722,0,0,0,0,0,0,0,0,0,0,0,0,0,0,0,0,0,0,0,0,0,0,0,0,0,0
beta_lactam__LRA-7,LRA-7,LRA-7,beta_lactam__LRA-7,beta_lactam,antibiotic target protection,0,0,0,0,0,0,0.262071859,0,0,0,0,0,0,0,0,0,0.254081077,0,0,0,0,0,0,0,0,0,0,0,0,0,0,0,0,0,0,0,0,0,0.045156648,0,0.032031738,0,0
beta_lactam__LRA-9,LRA-9,LRA-9,beta_lactam__LRA-9,beta_lactam,antibiotic target protection,0,0,0,0,0,0,0,0,0,0.740262973,0.911319043,0,0,0,0,0,0.2549252,0,0,0,0,0,0,0,0,0,3.099498201,0,0,0,0,0,0,0,0,0,0,0,0.090613341,0,0.032138156,0,0
beta_lactam__OXA-15,OXA-15,OXA-15,beta_lactam__OXA-15,beta_lactam,antibiotic target protection,0,0,0,0,0,0,0,0,0,0,0.498740058,0,0,0,0,0,0,0,0,0,0,0,0,0,0,0,0,0,0,0,0,0,0,0,0,0,0,0,0,0,0,0,0
beta_lactam__OXA-2,OXA-2,OXA-2,beta_lactam__OXA-2,beta_lactam,antibiotic target protection,0,0,0,0,0,0,0,0,0.439035006,0,0,0,0,0,0,0,0,0,0,0,0,0,0,0,0,0,0,0,0,0,0,0,0,0,0,0,0,0,0,0,0,0,0
beta_lactam__OXA-20,OXA-20,OXA-20,beta_lactam__OXA-20,beta_lactam,antibiotic target protection,0,0,0,0,0,0,0,0,0,0,0,0,0,0,0,0,0,0,0,0,0,0,0,0,0,0,0,0,0,0,0,0,0,0,0,0,0,0,0.051268075,0,0.036366861,0,0
beta_lactam__OXA-209,OXA-209,OXA-209,beta_lactam__OXA-209,beta_lactam,antibiotic target protection,0,0,0,0,0,0,0,0,0,0,0,0,0,0,0.229838823,0,0,0,0,0,0,0,0,0,0,0,0,0,0,0,0,0,0,0,0,0,0,0,0,0,0,0,0
beta_lactam__OXA-29,OXA-29,OXA-29,beta_lactam__OXA-29,beta_lactam,antibiotic target protection,0,0,0,0,0,0,0,0,0,0,0,0,0,0,0,0,0,0,0,0,0,0,0,0,0,0,0,0,0,0,0,0,0,0,0,0,0,0,0.051268075,0,0.036366861,0,0
beta_lactam__OXA-37,OXA-37,OXA-37,beta_lactam__OXA-37,beta_lactam,antibiotic target protection,0,0,0,0,0,0,0,0,0,0.418832998,0,0,0,0,0,0,0,0,0,0,0,0,0,0,0,0,0,0,0,0,0,0,0,0,0,0,0,0,0,0,0,0,0
beta_lactam__OXA-50,OXA-50,OXA-50,beta_lactam__OXA-50,beta_lactam,antibiotic target protection,0,0,0,0,0,0,0,0,0,0,0.523486702,0,0,0,0,0,0,0,0,0,0,0,0,0,0,0,0,0,0,0,0,0,0,0,0,0,0,0,0.052050793,0,0,0,0
beta_lactam__PEDO-1,PEDO-1,PEDO-1,beta_lactam__PEDO-1,beta_lactam,antibiotic target protection,0,0,0,0,0,0,0,0,0,0,0,0,0,0,0,0.199975698,0,0,0,0,0,0,0,0,0,0,0,0,0,0,0,0,0,0,0,0,0,0.051011141,0,0,0.033823724,0,0
beta_lactam__PLN-1,PLN-1,PLN-1,beta_lactam__PLN-1,beta_lactam,antibiotic target protection,0,0,0,0,0,0,0,0,0,0,0,0,0,0,0,0,0,0,0,0,0,0,0,0,0,0,0,0,0,4.181413659,0,0,0,0,0,0,0,0,0,0,0,0,0
beta_lactam__SFH-1,SFH-1,SFH-1,beta_lactam__SFH-1,beta_lactam,antibiotic target protection,0,0,0,0,0,0,0,0,0,0,0,0,0,0,0,0.244414743,0,0,0,0,0,0,0,0,0,0,0,0,0,0,0,0,0,0,0,0,0,0,0,0,0,0,0
beta_lactam__THIN-B beta-lactamase,THIN-B bl,THIN-B bl,beta_lactam__THIN-B beta-lactamase,beta_lactam,antibiotic target protection,0,0,0,0,0,0,0,0,0,0,0,0,0,0,0,0.180990664,0,0,0,0,0,0,0,0,0,0,0,0,0,0,0,0,0,0,0,0,0,0,0.043156037,0,0,0,0
chloramphenicol__cmlv,cmlv,cmlv,chloramphenicol__cmlv,Chloramphenicol,antibiotic inactivation,0,0,0,0,0,0,0,0,0,0,0,0,0,0,0,0.13117672,0,2.107401687,0,0,0,0,0,0,0,0,0,0,0,0,0,0,0,0,0,0,0,0,0,0,0,0,0
chloramphenicol__cmx,cmx,cmx,chloramphenicol__cmx,Chloramphenicol,antibiotic inactivation,0,0,0,0,0,0,0,0,0,0,0,0,0,0,0.161063523,0,0,0,0,0,0,0,0,0,0,0,0,0,0,0,0,0,0,0,0,0,0,0,0,0,0,0,0
fosfomycin__Acinetobacter baumannii AbaF,AbaF_Ab,AbaF_Ab,fosfomycin__Acinetobacter baumannii AbaF,fosfomycin,antibiotic efflux,0,0,0,0,0,0,0,0,0,0,0,0,0,0,0.146796824,0.133317132,0,0,0,0,0,0,0,0,0,0,0,0,0,0,0,0,0,0,0,0,0,0,0,0,0,0,0
fosfomycin__FosB,FosB,FosB,fosfomycin__FosB,fosfomycin,antibiotic efflux,0,0,7.901883638,0,0,0,0,0,0,0,0,0,0,0,0,0,0,0,0,0,0,0,0,0,0,0,0,0,0,0,0,0,0,0,0,0,0,0,0,0,0,0,0
macrolide-lincosamide-streptogramin__LpeB,LpeB,LpeB,macrolide-lincosamide-streptogramin__LpeB,MLS,antibiotic inactivation,0,0,0,0,0,0,0,0,0,0,0,0,0,0,0,0,0.037836531,0,0,0,0,0,0,0,0,0,0,0,0,0,0,0,0,0,0,0,0,0,0,0,0.004770012,0,0
macrolide-lincosamide-streptogramin__macA,macA,macA,macrolide-lincosamide-streptogramin__macA,MLS,antibiotic inactivation,0,0,0,0,0,0,0,0,0,0,0,0,0,0,0.038873974,0.035304352,0.047365732,0,0,0,0,0,0,0,0,0,0,0,0,0,0,0,0,0,0,0,0,0,0,0,0,0,0
macrolide-lincosamide-streptogramin__macB,macB,macB,macrolide-lincosamide-streptogramin__macB,MLS,antibiotic inactivation,0,0,0,0,0.074916632,0.359913319,0.040712809,0.05820821,0,0.114618907,0.07055222,0,0,0,0.161974891,0.088351964,0.157885772,0,0,0,0,0,0,0,0,0,0,0,0,0,0,0,0,0,0,0,0,0.022537411,0.007036795,0,0.009952248,0,0
macrolide-lincosamide-streptogramin__ole(C),ole(C),ole(C),macrolide-lincosamide-streptogramin__ole(C),MLS,antibiotic inactivation,0,0,0,0,0,0,0.243525235,0,0,0,0.422010818,0,0,0,0,0.175978615,0,0,0,0,0,0,0,0,0,0,0,0,0,0,0,0,0,0,0,0,0,0,0.041960947,0,0,0,0
macrolide-lincosamide-streptogramin__oleD,oleD,oleD,macrolide-lincosamide-streptogramin__oleD,MLS,antibiotic inactivation,0,0,0,0,0,0.280992567,0,0,0,0,0,0,0,0,0,0,0,0,0,0,0,0,0,0,0,0,0,0,0,0,0,0,0,0,0,0,0,0,0,0,0,0,0
macrolide-lincosamide-streptogramin__vat(F),vat(F),vat(F),macrolide-lincosamide-streptogramin__vat(F),MLS,antibiotic inactivation,0,0,0,0,0,0,0,0,0,0,0,0,0,0,0.284958541,0,0,0,0,0,0,0,0,0,0,0,0,0,0,0,3.469419943,0,0,0,0,0,0.266076408,0,0.061707275,0,0.043771878,0,0
multidrug__abcA,abcA,abcA,multidrug__abcA,multidrug,antibiotic efflux,0,0,0,0,0,0,0,0,0,0.076728359,0.094458344,0,0,0,0,0,0,0,0,0,0,0,0,0,0,0,0,0,0,1.664502131,0,0,0,0,0,0,0,0,0,0.045882563,0,0,0
multidrug__acrF,acrF,acrF,multidrug__acrF,multidrug,antibiotic efflux,0.266709133,0,0,0,0.093627729,0.112487401,0.152766373,0.253930966,0.269523588,0.358253271,0.308904562,0,0,0,0.101351786,0.055187901,0.024688702,0,0,0,0,0,0,0,0,0,0.300176628,0,0,0,0,0.301921903,0,0,0.15097696,0,0,0,0.017534308,0.021425148,0.01867189,0,0
multidrug__adeF,adeF,adeF,multidrug__adeF,multidrug,antibiotic efflux,0,0,0,0.297727855,0.183365354,0.256935287,0.174384611,0.461598249,0.644526053,0.526013113,0.60439069,0,0,0.227531211,0.356803612,0.414051037,0.120762489,0,0,0,0.299223669,0.256106323,0,0,0,0.644947995,0,0,0,0,0.482682913,0,0.227377367,0,0.295395904,0.1173065,0.129562544,0.059697647,0.1158978,0.115334639,0.094391292,0,0
multidrug__adeH,adeH,adeH,multidrug__adeH,multidrug,antibiotic efflux,0,0,0,0,0,0,0,0,0,0,0,0,0,0,0,0,0,0,0,0,0,0,0,0,0,0,0,0,0,0,0,0,0,0,0,0,0,0,0.009411531,0,0,0,0
multidrug__amrB,amrB_md,amrB_md,multidrug__amrB,multidrug,antibiotic efflux,0,0,0,0,0,0,0.025294248,0.108088035,0,0,0.043749128,0,0,0,0.060302479,0.018243397,0,0,0,0,0,0,0,0,0,0,0,0,0,0,0.244574739,0,0.115432709,0,0,0,0,0,0.004350018,0,0.00928071,0,0
multidrug__bpeF,bpeF,bpeF,multidrug__bpeF,multidrug,antibiotic efflux,0,0,0,0,0,0,0.099460511,0.070881251,0.058482828,0.105004314,0.172357544,0,0,0,0.019785057,0.089841423,0.04821394,0,0,0,0,0,0,0,0,0,0,0,0,0,0,0,0.113474379,0,0.147419539,0,0,0,0.017137679,0.062791217,0.027352267,0,0
multidrug__ceoB,ceoB,ceoB,multidrug__ceoB,multidrug,antibiotic efflux,0,0,0,0.148583317,0.138919904,0.184957358,0.125391052,0.177583683,0.264954671,0.283139048,0.518845209,0,0,0.455956524,0.19911608,0.216125218,0.120382654,0,0,0.656838632,0,0,0,0,0,0,0.29172888,0,1.617476631,0,0,0,0.114881981,0,0.147419539,0,0.168548779,0.046322614,0.064928166,0.084131832,0.131592477,0,0
multidrug__efpA,efpA,efpA,multidrug__efpA,multidrug,antibiotic efflux,0,0,0,0,0,0.660067446,0.298663024,0,0.351228005,1.471447248,0.776340656,0,0,0,0.23764467,0.431645659,0.434334822,0,0,0,0,0,0,0,0,0,0,0,0,0,0,0,0,0,1.770703369,0,0,0.110107068,0.102923078,0.188551363,0.036504094,0,0
multidrug__efrB,efrB,efrB,multidrug__efrB,multidrug,antibiotic efflux,0,0,0,0,0,0,0,0,0,0,0,0,0,0,0,0,0,0,0,0,0,0,0,0,0,0,0,0,0,0,0,0,0,0,0,0,0,0.04030162,0,0,0,0,0
multidrug__emrA,emrA,emrA,multidrug__emrA,multidrug,antibiotic efflux,0,0,0,0,0,0,0,0,0,0,0,0,0,0,0,0,0,0,0,0,0,0,0,0,0,0,0,0,0,0,0,0,0,0,0,0,0,0,0,0,0.008268021,0,0
multidrug__emrB,emrB,emrB,multidrug__emrB,multidrug,antibiotic efflux,0,0,0,0,0,0,0,0,0,0,0,0,0,0,0,0,0,0,0,0,0,0,0,0,0,0,0,0,0,0,0,0,0,0,0,0,0,0.009498168,0,0.021900553,0,0,0
multidrug__mdsB,mdsB,mdsB,multidrug__mdsB,multidrug,antibiotic efflux,0,0,0,0,0,0,0.025006541,0.035642183,0,0,0,0,0,0,0.019897579,0,0,0,0,0,0,0,0,0,0,0,0,0,0,0,0.242256495,0,0,0,0,0,0,0,0,0,0.003056425,0,0
multidrug__mdtF,mdtF,mdtF,multidrug__mdtF,multidrug,antibiotic efflux,0,0,0,0,0,0,0,0,0.029918168,0,0,0,0,0,0,0,0,0,0,0,0,0,0,0,0,0,0,0,0,0,0,0,0,0,0,0,0,0.004685031,0,0.010697091,0.00621596,0,0
multidrug__MexA,MexA,MexA,multidrug__MexA,multidrug,antibiotic efflux,0,0,0,0,0,0,0,0,0,0,0,0,0,0,0.054952738,0,0,0,0,0,0,0,0,0,0,0,0,0,0,0,0,0,0,0,0,0,0,0,0,0,0,0,0
multidrug__MexB,MexB,MexB,multidrug__MexB,multidrug,antibiotic efflux,0.263146225,0,0,0,0.092645333,0.14865578,0.327407056,0.46772583,0.601647515,0.82019106,1.141170381,0,0,0.460278457,0.9243039,0.509604952,0.198426289,0.290584167,0.252564953,0,0,0,0,0,0,0,1.787363383,0,0,0,0.247415878,0,0,2.589268651,0,0.118500104,0.037442178,0.061062318,0.052142991,0.042688444,0.130462795,0,0
multidrug__MexD,MexD,MexD,multidrug__MexD,multidrug,antibiotic efflux,0,0,0,0,0,0,0,0,0,0.03560549,0,0,0,0,0.040253012,0.036556759,0,0,0,0,0,0,0,0,0,0,0,0,0,0,0,0,0,0,0,0.039702008,0,0,0.017433439,0,0,0,0
multidrug__MexE,MexE,MexE,multidrug__MexE,multidrug,antibiotic efflux,0,0,0,0,0,0,0,0,0,0.091469275,0.112883552,0,0,0,0.10394345,0.095800753,0,0,0,0,0,0,0,0,0,0,0,0,0,0,0,0,0,2.100292394,0,0,0,0,0,0,0.007961798,0,0
multidrug__MexF,MexF,MexF,multidrug__MexF,multidrug,antibiotic efflux,0.520090138,0.572952007,0,0.594198123,0.412576465,0.550198488,1.74113599,1.845131339,2.720876175,2.206925644,2.800953587,0,0,1.589304578,1.24704842,1.564529171,0.603180121,0,0.499176992,0,0,0,0,0,0,0,1.169112063,0,0.811784411,1.518609331,0.240433304,0.296203685,0.227700346,1.631025728,0.588993985,0.078204334,0.147914624,0.220009511,0.265823181,0.27223487,0.392021297,0.321987266,0
multidrug__mexK,mexK,mexK,multidrug__mexK,multidrug,antibiotic efflux,0.807152908,0.296396208,0.364899992,0,0.094723859,0.455070889,0.231645955,0.036685369,0.211879008,0.289846055,0.089205539,0,0,0.705235764,0.307199208,0.371987316,0.249536537,0.298805573,0.516464528,0,0,0,0,0,0,1.332682784,0,0.832887062,0.841087848,3.143879148,0.997387717,0.915486121,0.352379461,0,0,0.080798429,0.363334906,0.185033584,0.124177112,0.140825896,0.084938795,0,0.309470102
multidrug__mexN,mexN,mexN,multidrug__mexN,multidrug,antibiotic efflux,0,0,0,0,0,0,0.025465155,0.036295853,0.029947047,0,0.044129188,0,0,0,0.020262496,0.073607529,0,0,0,0,0,0,0,0,0,0,0,0,0,0,0,0,0,0.833224106,0,0,0,0.004694075,0.004387808,0,0.003112479,0,0
multidrug__mexP,mexP,mexP,multidrug__mexP,multidrug,antibiotic efflux,0,0,0,0,0,0,0,0,0,0,0,0,0,0,0.054524535,0,0,0,0,0,0,0,0,0,0,0,0,0,0,0,0,0,0,0,0,0,0,0,0,0,0,0,0
multidrug__mexQ,mexQ,mexQ,multidrug__mexQ,multidrug,antibiotic efflux,0.523793435,0,0.710394097,0,0,0.073828373,0.025054036,0,0,0,0,0,0.879756043,0,0.019935371,0.090523979,0.048580238,0,0,1.990153916,0,0,0,0,0,0,0,0,0,0,0.242716622,0.29704757,0,0,0,0,0,0.004618293,0.025901819,0,0.00612446,0.650090149,0
multidrug__mexW,mexW,mexW,multidrug__mexW,multidrug,antibiotic efflux,0,0,0,0,0.238438004,0.344442504,0.207580023,0.221955231,0.335634251,0.51140508,0.584267826,0.326354296,0,0,0.64243257,0.56510239,0.100725073,0,0,0,0,0,0,0,0,0,0,0,0,0,0,0,0.118383791,2.551434387,0.153646494,0.081877306,0.019254383,0.043073972,0.075977815,0.087452578,0.088894276,0,0
multidrug__msbA,msbA,msbA,multidrug__msbA,multidrug,antibiotic efflux,0,0,0,0,0,0,0.135989177,0.193827338,0,0.191425391,0,0,0,0,0.108205906,0,0,0,0,0,0,0,0,0,0,0,0,0,0,2.07633771,1.317425786,0,0,0,0,0,0,0.025067331,0.046863601,0.05723495,0,0,0
multidrug__mtrD,mtrD,mtrD,multidrug__mtrD,multidrug,antibiotic efflux,0,0,0,0,0,0,0,0,0.029076983,0,0,0,0,0,0,0.035734489,0,0,0,0,0,0,0,0,0,0,0,0,0,0,0,0,0.112836285,0,0,0,0.036740322,0.009115393,0.008520655,0,0,0,0
multidrug__MuxB,MuxB,MuxB,multidrug__MuxB,multidrug,antibiotic efflux,0,0,0,1.058032881,0.65162386,0.894434634,3.010015486,3.713382415,4.223940502,2.171934874,3.638140563,0,0,0.924086491,0.805060244,1.261208192,1.667564396,0,0,0,0,0.520070175,0,0,0.336061994,2.61936693,1.490810096,1.637026344,4.132862148,1.931013978,1.470262334,0,1.038894383,0,0.149963692,0.158808033,0.488614586,0.568833732,0.784504765,0.745206731,0.766714311,0,0.304129294
multidrug__MuxC,MuxC,MuxC,multidrug__MuxC,multidrug,antibiotic efflux,0,0,0,0.304337643,0.234295259,0.187599607,0.687559181,0.871100467,1.078093683,0.501844943,0.926712945,0,0,0,0.222887456,0.276028232,0.296264422,0,0,0,0,0,0,0,0,0.659266339,0,0,0,0,0,0,0.11621266,0,0,0.07994053,0.056759543,0.168986716,0.118470821,0.107177416,0.161848912,0,0
multidrug__OpmH,OpmH,OpmH,multidrug__OpmH,multidrug,antibiotic efflux,0,0,0,0,0,0,0,0,0,0,0,0,0,0,0.08710351,0.039552593,0,0,0,0,0,0,0,0,0,0,0,0,0,0,0,0,0,0,0,0,0,0,0,0,0,0,0
multidrug__oprA,oprA,oprA,multidrug__oprA,multidrug,antibiotic efflux,0,0,0,0.33757366,0,0,0,0,0,0,0,0,0,0,0,0,0,0,0,0,0,0,0,0,0,0,0,0,0,0.862547143,0,0,0,0,0,0,0,0,0,0,0,0,0
multidrug__oprC,oprC,oprC,multidrug__oprC,multidrug,antibiotic efflux,0,0.192770377,0,0,0.030803285,0.024664111,0,0.047718913,0.019686003,0.047127571,0.029008781,0,0,0,0.05327905,0.024193337,0.03245875,0,0,0,0,0,0,0,0,0,0,0,0,0,0,0.198471505,0,0,0,0,0,0.003085699,0.031728085,0,0.010230103,0,0
multidrug__OprM,OprM,OprM,multidrug__OprM,multidrug,antibiotic efflux,0,0,0,0,0,0,0,0,0,0,0,0,0,0,0,0.10060343,0,0,0,0,0,0,0,0,0,0,0,0,0,0,0,0,0,0,0,0,0,0,0,0,0,0,0
multidrug__OprN,OprN,OprN,multidrug__OprN,multidrug,antibiotic efflux,0,0,0,0,0,0,0,0,0,0,0,0,0,0,0.088948923,0.121171716,0,0,0,0,0,0,0,0,0,0,0,0,0,0,0,0,0,1.8288563,0,0,0,0,0,0,0,0,0
multidrug__oqxB,oqxB,oqxB,multidrug__oqxB,multidrug,antibiotic efflux,0.525289988,0,0.356211897,0,0.046234264,0,0.100502478,0.035811908,0.384120786,0.212208719,0.174163195,0,0,0,0.31987727,0.254191332,0.073078557,0,0.504167753,0,0,0,0,0,0,0.650476121,0,0,0,0,0.243410098,0,0.229326316,0,0,0,0.037335166,0.013894463,0.025975824,0.031724515,0.009212938,0,0.604203532
multidrug__RanA,RanA,RanA,multidrug__RanA,multidrug,antibiotic efflux,0,0,0,1.83310348,0,0,0.306766284,0,0,0,0,0,0,0,0.244092394,0,0.297412733,0,0,0,0,0,0,0,0,0,0,0,0,0,0,0,0,0,0,0,0,0,0,0,0.037494515,0,0
multidrug__RanB,RanB,RanB,multidrug__RanB,multidrug,antibiotic efflux,0,0,0,0,0,0,0,0,0,0,0,0,0,0,0.497832708,0,0,0,0,0,0,0,0,0,0,0,0,0,0,0,0,0,0,0,0,0,0,0,0,0,0,0,0
multidrug__sdeY,sdeY,sdeY,multidrug__sdeY,multidrug,antibiotic efflux,0,0,0,0,0,0.036984432,0.075305139,0.107333502,0.088558917,0.17667234,0.130498112,0,0,0,0.219706379,0.126974738,0.121681708,0,0.251844025,0,0,0,0,0,0,0,0,0,0,0,0,0,0,0,0,0,0.018649821,0.013881243,0.012975555,0.010564777,0.015340287,0,0
multidrug__smeE,smeE,smeE,multidrug__smeE,multidrug,antibiotic efflux,0.259677254,0,0,0.150426431,0.046455481,0.111733619,0.176479831,0.251643244,0.32601346,0.141844194,0.130871676,0,0,0,0.200438856,0.018191174,0.024406007,0.584495633,0,0,0,0,0,0,0,0,0,0,0,0,0.243874621,0,0.114881981,0,0.149248217,0.03951259,0.018703208,0.03252225,0.02165138,0.031876678,0.061601514,0,0
multidrug__smeF,smeF,smeF,multidrug__smeF,multidrug,antibiotic efflux,0,0,0,0,0,0,0,0,0,0,0,0,0,0,0,0,0,0,0,0,0,0,0,0,0,0,0,0,0,0,0,0,0.261163375,0,0,0,0,0,0,0,0,0,0
multidrug__tap,tap,tap,multidrug__tap,multidrug,antibiotic efflux,0,0,0,0,0,1.140458831,0.774041089,0,0.455136535,1.089580219,1.006016009,0,0,0,1.231801224,0.699181537,0,0,0,0,0,0,0,0,0,0,0,0,0,0,0,0,0.883102561,0,2.294554488,0,0,0.035670383,0.066686102,0.081444354,0.023651797,0,0
multidrug__tolC,tolC,tolC,multidrug__tolC,multidrug,antibiotic efflux,0,0,0,0,0,0,0,0,0,0,0,0,0,0.529572643,0.046136145,0,0,0,0,0,0,0.596080431,0,0,0,0,0,0,0,0,0,0,0,0,0,0.091009219,0,0.053440243,0,0,0.014173751,0,0
mupirocin__Bifidobacteria intrinsic ileS ,ileS_Bi,ileS_Bi,mupirocin__Bifidobacteria intrinsic ileS ,Mupirocin,antibiotic inactivation,0,0,0,0,0.131560915,0.842723869,0.214486995,0,0,0.301922974,0.247793163,0,0,0,0.341332453,0.568313954,0.13863141,0,0,0,0,0,0,0,0,1.850948311,0,0,7.009065399,1.091624704,0,1.695344668,1.305109114,0,0,0,0.31871483,0.105432242,0.123191579,0.150455018,0,0,0
novobiocin__novA,novA,novA,novobiocin__novA,Novobiocin,antibiotic efflux,0,0,1.731585612,0,4.299294139,9.991251192,5.308731362,3.104338796,2.134725985,4.358284116,4.950828167,3.196475108,0,2.401556985,2.27074611,2.629851622,2.370660963,4.581420777,2.646888056,1.6818877,3.12749876,3.995658092,1.532620009,5.017224806,3.434602755,0,3.066739276,0,0,0,1.273657487,1.5665664,3.537633157,0,6.150440281,0,0.381239572,0.502859477,0.85065018,1.250047867,0.588687504,0,0
pleuromutilin_tiamulin__TaeA,TaeA,TaeA,pleuromutilin_tiamulin__TaeA,Pleuromutilin_tiamulin,antibiotic target alteration,0,0,0,0,0,0.17995666,0,0,0,0,0,0,0,0,0,0,0,0,0,0,0,0,0,0,0,0,0,0,0,0,0,1.448106904,0,0,0,0,0,0,0,0,0.014928372,0,0
polymyxin__arnA,arnA,arnA,polymyxin__arnA,Polymyxin,antibiotic efflux,0,0,0,0,0.439993754,0.35283565,0,0.341324565,0,0.16880239,0.414361075,0,0,0,0.475936592,0.432495277,0.115910099,0,0,0,0,0,0,0,0,0,0,0,0,0,0,0,0,0,0,0.187654961,0,0,0.020662588,0.05047082,0.043970841,0,0
polymyxin__pmrF,pmrF,pmrF,polymyxin__pmrF,Polymyxin,antibiotic efflux,0,0,0,0,0,0,0,0,0,0.345992476,0,0,0,0,0,0,0,0,0,0,0,0,0,0,0,0,0,0,0,0,0,0,0,0,0,0,0,0,0,0,0,0,0
polymyxin__rosA,rosA,rosA,polymyxin__rosA,Polymyxin,antibiotic efflux,0,0,0,0,0.360489933,0.583578795,1.086502136,1.421210093,1.272121391,1.402918948,1.919120106,0,0,0,0.321606674,0.360786746,0.75555834,0,0,1.296802026,0,0,0,0,0,0,1.1546398,0,3.4030857,0,0,0,0,0,0,0,0.072775849,0.223249098,0.259314236,0.128886009,0.263731074,0,1.252132319
polymyxin__rosB,rosB,rosB,polymyxin__rosB,Polymyxin,antibiotic efflux,0,0,0,0,0,0,0.292187011,0.10018429,0.171409616,0.098942786,0,0,0,0,0.399741626,0.206914134,0.070917269,0,0,0,0,0,0,0,0,0,0,0,0,1.073204749,1.414657597,0,0,2.393401591,0,0,0.106369116,0.013433873,0.06104894,0.029583251,0.008907537,0,0
polymyxin__ugd,ugd,ugd,polymyxin__ugd,Polymyxin,antibiotic efflux,0,0,0,0,0,1.502730869,0,0,0,0,0,0,0,0,0.16230886,0.294809535,0,0,0,0,0,0,0,0,0,0,0,0,6.66583797,0,3.952277358,0,1.861798698,0,1.209372147,0.320174185,0.454661491,0.075201992,0.070295401,0,0.02493192,0,0
quinolone__Acinetobacter baumannii AbaQ,AbaQ_Ab,AbaQ_Ab,quinolone__Acinetobacter baumannii AbaQ,Quinolone,antibiotic efflux,0,0,0,0,0,0,0,0,0,0,0,0,0,0,0.145105616,0,0,0,0,0,0,0,0,0,0,0,0,0,0,0,0,0,0,0,0,0,0,0,0,0,0,0,0
quinolone__lfrA,lfrA,lfrA,quinolone__lfrA,Quinolone,antibiotic efflux,0,0,0,0,0,0.694118544,0.157035122,0,0.184673455,0.221050749,0.544259984,0,0,0,0.499808235,0.113478273,0,0,0,0,0,0,0,0,0,0,0,0,0,0,0,0,0,0,0,0,0,0.028946799,0.054116301,0.13218548,0,0,0
quinolone__mfpA,mfpA,mfpA,quinolone__mfpA,Quinolone,antibiotic efflux,0,0,0,0,0,0,0,0,0,0,2.248418294,0,0,0,0,0,0,0,0,0,0,0,0,0,0,0,0,0,0,0,0,0,0,0,0,0,0,0,0.074520808,0,0,0,0
quinolone__qepA,qepA,qepA,quinolone__qepA,Quinolone,antibiotic efflux,0,0,0,0,0.285005739,0,0.154883956,0,0,0,0,0,0,0,0,0.111923776,0.300322838,0,0,0,0,0,0,0,0,0,0,0,0,0,0,0,0,0,0,0,0,0,0,0,0.018930695,0,0
quinolone__QepA4,QepA4,QepA4,quinolone__QepA4,Quinolone,antibiotic efflux,0,0,0,0,0,0,0,0,0,0,0,0,0,0,0.246480773,0.111923776,0,0,0,0,0,0,0,0,0,0,0,0,0,0,0,0,0,0,0,0,0,0,0,0,0,0,0
rifamycin__arr-1,arr-1,arr-1,rifamycin__arr-1,Rifamycin,antibiotic inactivation,0,0,0,0,0,0,0,0,0,0,0.959115496,0,0,0,0,0,0,0,0,0,0,0,0,0,0,0,0,0,0,0,0,0,0,0,0,0,0.822417988,0.306066849,0,0.232942244,0.067647448,7.180541187,0
rifamycin__iri,iri,iri,rifamycin__iri,Rifamycin,antibiotic inactivation,0,0,2.32312107,0,1.517101225,0.487915964,0.329439517,0.705061183,0.38742119,1.163490689,2.57584873,0,1.938039986,0,0.915421013,0.833839261,0.319059509,0,0,0,0,0,0,0,2.19987025,0,0,0,0,0,0,0,0.747803204,5.417699836,0,0,0.12301859,0.030521311,0.142534512,0.207620417,0.060631194,0,0
rifamycin__RbpA,RbpA,RbpA,rifamycin__RbpA,Rifamycin,antibiotic inactivation,0,0,0,0,0,0,1.388521075,0,0,1.954553989,0,0,0,0,0.552419628,0.501693419,2.019275927,0,0,0,0,0,0,0,0,0,8.183762793,0,0,0,0,0,0,0,0,0,0,0,0,0,0,0,0
rifamycin__rgt1438,rgt1438,rgt1438,rifamycin__rgt1438,Rifamycin,antibiotic inactivation,0,0,0,0,0,0,0.192568616,0,0,0,0,0,0,0,0,0,0.186697044,0,0,0,0,0,0,0,0,0,2.269948804,0,0,0,0,0,0,0,0,0,0,0,0,0,0,0,0
rifamycin__rphA,rphA,rphA,rifamycin__rphA,Rifamycin,antibiotic inactivation,0,1.053662821,0,0,1.010205314,0.539245852,1.463966729,1.695372989,1.183618075,1.159174793,0.951353868,2.304476344,0,0.835683998,0.582435492,0.727310459,2.661242262,0,0,0,0,0,3.194582516,0,1.215650843,0,1.078553709,0,0,0,0,2.169649188,1.25267843,0,1.627409455,0,0.203940646,0.101196669,0.12612539,0.192547635,0.100650017,0,1.100139378
rifamycin__rphB,rphB,rphB,rifamycin__rphB,Rifamycin,antibiotic inactivation,0.935895623,3.093048666,0,1.605002369,2.306483098,0.92339752,2.596408753,1.786544283,1.474045134,2.268520806,3.103020722,0,2.095889396,0,1.567271975,1.682148522,3.298455248,0,0,2.370624518,0,2.76125494,0,0,0,0,3.166116375,0,0,0,0,2.123016456,0.408584782,0,2.654051996,0.281057882,0,0.313568487,0.447377746,0.452182003,0.40488987,0,0
tetracenomycin_C__tcmA,tcmA,tcmA,tetracenomycin_C__tcmA,Tetracenomycin,antibiotic target alteration,0,0,0,0,0,0.215947992,0,0,0,0.412628064,0,1.859488841,0,0,0.234984468,0.213406902,0,0,0,0,0,0,0,0,0,0,0,0,0,0,0,0,0.673859976,0,0.875441031,0,0,0,0,0,0,0,0
tetracycline__otr(A),otr(A),otr(A),tetracycline__otr(A),tetracycline,antibiotic efflux,0,0,0,0,0.219665057,0.175885242,0.596875575,0,0.561541004,0.336077156,0.413736096,0,0,0,0.189972361,0.086264027,0.115735272,2.771725899,0,0,0,0,0,0,0,0,0,0,0,0,0,0,0,0,0,0,0.088692136,0,0.041138184,0.050242445,0.014590626,0,1.435325132
tetracycline__tet(30),tet(30),tet(30),tetracycline__tet(30),tetracycline,antibiotic efflux,0,0,0,0,0,0,0.200877414,0,0,0,0,0,0,0,0.159837151,0,0,0,0,0,0,0,0,0,0,0,0,0,0,0,0,0,0,0,0,0,0,0,0,0,0,0,0
tetracycline__tet(35),tet(35),tet(35),tetracycline__tet(35),tetracycline,antibiotic efflux,0,0,0,0,0,0,0,0,0,0,0,0,0,0,0,0,0.207947114,0,0,0,0,0,0,0,0,0,0,0,0,0,0,0,0,0,0,0,0,0,0,0,0,0,0
tetracycline__tet(41),tet(41),tet(41),tetracycline__tet(41),tetracycline,antibiotic efflux,0,0,0,0,0,0,0,0,0.236833133,0,0,0,0,0,0,0,0,0,0,0,0,0,0,0,0,0,0,0,0,0,0,0,0,0,0,0,0,0,0,0,0,0,0
tetracycline__tet(43),tet(43),tet(43),tetracycline__tet(43),tetracycline,antibiotic efflux,0,0,0,0,1.122450349,0,0.304993069,0.217355511,0.179336072,0.858647995,0.79279489,0,0,0,0,0,0,0,0,0,0,0,0,0,0,0,0,0,0,0,0,0,0,0,0,0,0,0.028110186,0.026276123,0.064182545,0,0,0
tetracycline__tet(47),tet(47),tet(47),tetracycline__tet(47),tetracycline,antibiotic efflux,0,0,0,0,0.350934778,0,0.190712533,0.271825326,0,0.536913626,0,0,0,3.483694737,0,0.137814578,0.184897555,0,3.826815476,2.524857921,0,0,0,0,0,0,0,0,0,0,0,0,1.740669626,0,0,0,0,0.070309332,0.065721965,0,0.093239373,0,0
tetracycline__tet(48),tet(48),tet(48),tetracycline__tet(48),tetracycline,antibiotic efflux,0,0,0,0,0,0,0,0,0.233271733,0.279221998,0,0,0,0,0,0,0,0,0,0,0,0,0,0,0,0,0,0,0,0,0,0,0,0,0,0,0,0,0,0,0,0,0
tetracycline__tet(49),tet(49),tet(49),tetracycline__tet(49),tetracycline,antibiotic efflux,2.137808091,0,0,0,0.376325408,0.602645558,0,0,0.240504965,0,0.35440185,0,0,1.867872501,0.162728262,0,0.198275156,0,2.051845507,0,0,0,0,0,0,0,0,0,0,0,0,2.424737141,0,0,0,0,0,0.113094469,0.140954086,0.086074266,0.024996344,0,0
tetracycline__tet(51),tet(51),tet(51),tetracycline__tet(51),tetracycline,antibiotic efflux,0,0,0,0,0,0,0.204510856,0,0,0,0,0,0,0,0,0.147785658,0,0,0,0,0,0,0,0,0,0,0,0,0,0,0,0,0,0,0,0,0,0,0,0,0.024996344,0,0
tetracycline__tet(52),tet(52),tet(52),tetracycline__tet(52),tetracycline,antibiotic efflux,0,0,0,0,0,0,0,0,0,0,0,0,0,0,0,0,0,0,0,0,0,0,0,0,0,0,0,0,0,0,0,0,0,0,0,0,0,0,0,0,0.024804064,0,0
tetracycline__tet(53),tet(53),tet(53),tetracycline__tet(53),tetracycline,antibiotic efflux,0,0,0,0,0,0,0.204510856,0,0,0,0,0,0,0,0,0,0,0,0,0,0,0,0,0,0,0,0,0,0,0,0,0,0,0,0,0,0,0,0.070477043,0.172148532,0,0,0
tetracycline__tet(54),tet(54),tet(54),tetracycline__tet(54),tetracycline,antibiotic efflux,2.132298276,0,0,0,0,0,0,0,0,0,0,2.568778399,0,0,0,0,0.197764137,0,0,0,0,0,0,0,0,0,0,0,0,0,0,0,0,0,0,0,0,0.075201992,0,0,0,0,0
tetracycline__tet(56),tet(56),tet(56),tetracycline__tet(56),tetracycline,antibiotic efflux,0,0,0,0,0,0,0,0,0.239268435,0,0.352579732,0,0,0,0.323783227,0,0.197255746,0,0,0,0,0,0,0,0,0,0,0,0,0,0,0,0,0,0,0,0,0.075008671,0.10517204,0,0,0,0
tetracycline__tet(M),tet(M),tet(M),tetracycline__tet(M),tetracycline,antibiotic efflux,0,0,0,0,0,0,0,0,0,0,0,0,0,0,0,0.08950399,0,0,0,0,0,0,0,0,0,0,0,0,0,0,0,0,0,0,0,0,0,0,0,0,0,0,0
tetracycline__tet(V),tet(V),tet(V),tetracycline__tet(V),tetracycline,antibiotic efflux,0,0,0,0,0,0.284419306,0,0,0,0.799149485,0.64929197,0,0,0,0.451730537,0.273123864,0.539527917,0,0,0,0,0,0,0,0,0,0,0,0,0,0,0,0,0,0,0,0,0.034246917,0.164909774,0.081245709,0.046143259,0,0
tetracycline__tet(X3),tet(X3),tet(X3),tetracycline__tet(X3),tetracycline,antibiotic efflux,0,0,0,0,0,0,0,0,0,0,0,0,0,0,0,0,0,0,0,0,0,0,0,0,0,0,0,0,0,0,0,0,0,0,0,0,0,0,0,0,0.025591495,0,0
tetracycline__tet(X5),tet(X5),tet(X5),tetracycline__tet(X5),tetracycline,antibiotic efflux,0,0,0,0,0,0.300546174,0,0.290741006,0,0,0,0,0,0,0,0,0,0,0,0,0,0,0,0,0,0,0,0,0,0,0,0,0,0,0,0,0,0,0,0,0,0,0
tetracycline__tetA(48),tetA(48),tetA(48),tetracycline__tetA(48),tetracycline,antibiotic efflux,0,0,0,0,1.273801161,1.019929289,0.692236455,0,0.271356914,1.624046317,0.799728956,0,0,0,0.550809075,0.666974341,0.447419739,0,0,0,0,0,0,0,0,0,0,0,0,0,0,0,1.053029001,0,2.736072262,0,0,0,0.119276745,0,0,0,0
tetracycline__tetB(48),tetB(48),tetB(48),tetracycline__tetB(48),tetracycline,antibiotic efflux,0,0,0,0,0,0,0,0,0,0,0.506101535,0,0,0,0,0,0,0,0,0,0,0,0,0,0,0,0,0,0,0,0,0,0,0,0,0,0,0,0.050322169,0,0.035695886,0,0
tetracycline__tetB(P),tetB(P),tetB(P),tetracycline__tetB(P),tetracycline,antibiotic efflux,0,0,0,0,0,1.251968417,0.606945562,0.346035308,0,0.68349434,0,0,0,0,0.289766124,0.263158204,0.235375722,0,0,0,0,0,0,0,0,0,0,0,0,0,0,0,0,0,0,0,0,0.134256317,0.041832233,0.051090093,0.074183934,0,0
tetracycline__tetX1,tetX1,tetX1,tetracycline__tetX1,tetracycline,antibiotic efflux,0,0,0,0,0.405676693,0,0.440923127,0,0,0,0,0,0,0,0,0,0,0,0,0,0,0,0,0,0,0,0,0,0,0,0,0,0,0,0,0,0,0,0.03798693,0,0,0,0
trimethoprim__dfrB2,dfrB2,dfrB2,trimethoprim__dfrB2,trimethoprim,antibiotic target protection,0,0,0,0,0,0,0,0,0,0,0,0,0,0,0.807382533,0.733244228,0,0,0,0,0,0,0,0,0,0,0,0,0,15.49267369,0,0,4.63062753,0,6.01585119,0,0.753883156,0.187040852,0,0,0,0,0
trimethoprim__dfrB3,dfrB3,dfrB3,trimethoprim__dfrB3,trimethoprim,antibiotic target protection,0,0,0,0,0,0,0,0,0,0,0,0,0,0,0,0,0,0,0,0,0,0,0,0,0,0,0,0,0,0,0,0,4.63062753,0,0,0,0,0.187040852,0,0.42706078,0.248040641,0,0
trimethoprim__dfrB6,dfrB6,dfrB6,trimethoprim__dfrB6,trimethoprim,antibiotic target protection,0,0,0,0,0,0,1.014688478,0,0,0,0,0,0,0,0,0,0,0,0,0,0,0,0,0,0,0,0,0,0,0,0,0,0,0,0,0,0,0,0,0,0,0,0
trimethoprim__dfrB7,dfrB7,dfrB7,trimethoprim__dfrB7,trimethoprim,antibiotic target protection,0,0,0,0,0,0,0.965191479,0,0,0,0,0,0,0,0,0,0,0,0,0,0,0,0,0,0,0,0,0,0,0,0,0,0,0,0,0,0,0,0,0,0,0,0
trimethoprim__DfrB9,DfrB9,DfrB9,trimethoprim__DfrB9,trimethoprim,antibiotic target protection,0,0,0,0,0,0,0,0,0,0,0,0,0,0,0,0.733244228,0,0,0,0,0,0,0,0,0,0,0,0,0,0,0,0,0,0,0,0,0,0,0,0,0,0,0
vancomycin__vanA,vanA,vanA,vancomycin__vanA,Vancomycin,antibiotic target alteration,0,0,0,0,0,0,0,0,0,0,0,0,0,0,0,0.166743585,0,0,0,0,0,0,0,0,0,0,0,0,0,0,0,0,0,0,0,0,0,0,0,0,0,0,0
vancomycin__vanHO,vanHO,vanHO,vancomycin__vanHO,Vancomycin,antibiotic target alteration,0,0,0,0,0,0.333176901,0.226130575,0.322307173,0.265929775,0,0,0,0,0,0,0.326817427,0,0,0,0,0,0,0,0,0,0,0,0,0,0,0,0,0,0,0,0,0,0,0.038963737,0,0.027638814,0,0
vancomycin__vanI,vanI,vanI,vancomycin__vanI,Vancomycin,antibiotic target alteration,0,0,0,0,0,0,0.454860352,0,0.267458107,0.960427391,0.788238597,0,0,0,0,0,0,0,0,0,0,0,0,0,0,0,0,0,0,0,0,0,0,0,0,0,0,0.04192295,0,0,0.027797658,0,0
vancomycin__vanM,vanM,vanM,vancomycin__vanM,Vancomycin,antibiotic target alteration,0,0,0,0,0,0,0,0,0,0,0,0,0,0,0,0,0,0,0,0,0,0,0,0,0,0,0,0,0,0,0,0,0,0,0,0,0,0,0,0,0.028202872,0,0
vancomycin__vanO,vanO,vanO,vancomycin__vanO,Vancomycin,antibiotic target alteration,0,0,0,0,0.420918881,0.337028657,0,0,0,0.321992998,0,0,0,0,0,0,0,0,0,0,0,0,0,0,0,0,0,0,0,0,0,0,0,0,0,0,0,0.042165279,0.039414184,0.096273818,0,0,0
vancomycin__vanXA,vanXA,vanXA,vancomycin__vanXA,Vancomycin,antibiotic target alteration,0,0,0,0,0,0,0,0,0,0.551532561,0,0,0,0,0,0,0,0,0,0,0,0,0,0,0,0,0,0,0,0,0,0,0,0,0,0,0,0,0,0,0,0,0
vancomycin__vanXF,vanXF,vanXF,vancomycin__vanXF,Vancomycin,antibiotic target alteration,0,0,0,0,0,0,0,0,0,0.499594517,0,0,0,0,0,0,0,0,0,0,0,0,0,0,0,0,0,0,0,0,0,0,0,0,0,0,0,0,0,0,0,0,0
vancomycin__vanXI,vanXI,vanXI,vancomycin__vanXI,Vancomycin,antibiotic target alteration,0,0,0,0,0.720979865,0,0,0,0,0,0,0,0,0,0.305707949,0.277636164,0,0,0,0,0,0,0,0,0,0,0,0,0,0,0,0,0,0,0,0,0,0,0,0,0,0,0
vancomycin__vanXO,vanXO,vanXO,vancomycin__vanXO,Vancomycin,antibiotic target alteration,0,0,0,0,0,0,0.380508179,0,0.460769413,3.277376181,4.733258713,0,0,0,0.311761572,0,0,0,0,0,0,0,0,0,0,0,0,0,0,0,0,0,0,0,4.578896636,0,0,0.072223695,0.13502285,0.485200243,0,0,0
