﻿Sample,aminoglycoside__AAC(2')-Ib,aminoglycoside__AAC(2')-Ic,aminoglycoside__AAC(3)-IIIb,aminoglycoside__AAC(3)-IIIc,aminoglycoside__AAC(3)-IVb,aminoglycoside__AAC(3)-Id,aminoglycoside__AAC(6')-31,aminoglycoside__AAC(6')-IIa,aminoglycoside__AAC(6')-Ib',aminoglycoside__AAC(6')-Isa,aminoglycoside__APH(3')-Ia,aminoglycoside__APH(6)-Id,aminoglycoside__APH(7'')-Ia,aminoglycoside__aadA,aminoglycoside__aadA23,aminoglycoside__amrB,bacitracin__bacA,bacitracin__bcrA,beta_lactam__ALG6-1,beta_lactam__BJP-1,beta_lactam__CAM-1,beta_lactam__CGA-1,beta_lactam__CPS-1,beta_lactam__CRD3-1,beta_lactam__EXO beta-lactamase,beta_lactam__FEZ-1,beta_lactam__FIA-1,beta_lactam__IMP-22,beta_lactam__JOHN-1,beta_lactam__LRA-10,beta_lactam__LRA-12,beta_lactam__LRA-19,beta_lactam__LRA-3,beta_lactam__LRA-5,beta_lactam__LRA-7,beta_lactam__LRA-9,beta_lactam__OXA-15,beta_lactam__OXA-2,beta_lactam__OXA-20,beta_lactam__OXA-209,beta_lactam__OXA-29,beta_lactam__OXA-37,beta_lactam__OXA-50,beta_lactam__PEDO-1,beta_lactam__PLN-1,beta_lactam__SFH-1,beta_lactam__THIN-B beta-lactamase,beta_lactam__blaC,beta_lactam__blaS1,chloramphenicol__cmlv,chloramphenicol__cmx,fosfomycin__Acinetobacter baumannii AbaF,fosfomycin__FosB,macrolide-lincosamide-streptogramin__LpeB,macrolide-lincosamide-streptogramin__macA,macrolide-lincosamide-streptogramin__macB,macrolide-lincosamide-streptogramin__ole(C),macrolide-lincosamide-streptogramin__oleD,macrolide-lincosamide-streptogramin__vat(F),multidrug__MexA,multidrug__MexB,multidrug__MexD,multidrug__MexE,multidrug__MexF,multidrug__MuxB,multidrug__MuxC,multidrug__OpmH,multidrug__OprM,multidrug__OprN,multidrug__RanA,multidrug__RanB,multidrug__abcA,multidrug__acrF,multidrug__adeF,multidrug__adeH,multidrug__amrB,multidrug__bpeF,multidrug__ceoB,multidrug__efpA,multidrug__efrB,multidrug__emrA,multidrug__emrB,multidrug__mdsB,multidrug__mdtF,multidrug__mexK,multidrug__mexN,multidrug__mexP,multidrug__mexQ,multidrug__mexW,multidrug__msbA,multidrug__mtrD,multidrug__oprA,multidrug__oprC,multidrug__oqxB,multidrug__sdeY,multidrug__smeE,multidrug__smeF,multidrug__tap,multidrug__tolC,mupirocin__Bifidobacteria intrinsic ileS conferring resistance to mupirocin,novobiocin__novA,pleuromutilin_tiamulin__TaeA,polymyxin__arnA,polymyxin__pmrF,polymyxin__rosA,polymyxin__rosB,polymyxin__ugd,quinolone__Acinetobacter baumannii AbaQ,quinolone__QepA4,quinolone__lfrA,quinolone__mfpA,quinolone__qepA,rifamycin__RbpA,rifamycin__arr-1,rifamycin__iri,rifamycin__rgt1438,rifamycin__rphA,rifamycin__rphB,tetracenomycin_C__tcmA,tetracycline__otr(A),tetracycline__tet(30),tetracycline__tet(35),tetracycline__tet(41),tetracycline__tet(43),tetracycline__tet(47),tetracycline__tet(48),tetracycline__tet(49),tetracycline__tet(51),tetracycline__tet(52),tetracycline__tet(53),tetracycline__tet(54),tetracycline__tet(56),tetracycline__tet(M),tetracycline__tet(V),tetracycline__tet(X3),tetracycline__tet(X5),tetracycline__tetA(48),tetracycline__tetB(48),tetracycline__tetB(P),tetracycline__tetX1,trimethoprim__DfrB9,trimethoprim__dfrB2,trimethoprim__dfrB3,trimethoprim__dfrB6,trimethoprim__dfrB7,vancomycin__vanA,vancomycin__vanHO,vancomycin__vanI,vancomycin__vanM,vancomycin__vanO,vancomycin__vanXA,vancomycin__vanXF,vancomycin__vanXI,vancomycin__vanXO
G1,0,0,0,0,0,0,0,0,0,0,0,0,0,0,0,0,2,0,0,0,0,0,0,0,0,0,0,0,0,0,0,0,0,0,0,0,0,0,0,0,0,0,0,0,0,0,0,0,0,0,0,0,0,0,0,0,0,0,0,0,0,0,0,1.333333333,2.333333333,0.666666667,0,0,0,1,0,0,0,0.666666667,0,0,0,0.333333333,0,0,0,0,0,0,0,0,0,0,0,0,0,0.333333333,0,0,0,0.333333333,0,0,0,0,0,0,0,0,0,0,0,0,0,0,0,0,0,0,0,0,0,3,0,0,0,0,0,0,0,0,0,0,0,0,0,0,0,0,0,0,0,0,0,0,0,0,0,0,0,0,0,0,0,0,0,0,0,0
G2,0,0,0,0,0,0,0,0,0,0,0,0,0,0,0,0,6,0,0,0,0,0,0,0,0,0,0,0,0,0,0,0,0,0,0,0,0,0,0,0,0,0,0,0,0,0,0,0,0,0,0,0,0,0,0,0.333333333,0,0,0,0,0.666666667,0,0,3,4.666666667,1.666666667,0,0,0,0,0,0,0.666666667,1.333333333,0,0,0,1,0,0,0,0,0,0,0.666666667,0,0,0,1.666666667,0,0,0,0.333333333,0.333333333,0,0.333333333,0,0,0,1,18,0,2,0,1,0,0,0,0,0,0,1,0,0,5,0,6,14,0,1,0,0,0,4,1,0,1,0,0,0,0,0,0,0,0,0,3,0,0,1,0,0,0,0,0,0,0,0,0,1,0,0,1,0
G3,1,0,0,0,0,0,0,0,0,0,0,0,0,0,0,0,24,0,0,0,0,0,0,1,0,0,0,0,0,0,0,0,0,0,0,0,0,0,0,0,0,0,0,0,0,0,0,0,0,0,0,0,0,0,0,2,0,1,0,0,1.333333333,0,0,5,8,1.666666667,0,0,0,0,0,0,1,2.333333333,0,0,0,1.666666667,3,0,0,0,0,0,4,0,0,0.666666667,3,0,0,0,0.333333333,0,0.333333333,1,0,4,0,8,52,1,2,0,2,0,5,0,0,3,0,0,0,0,2,0,4,7,1,1,0,0,0,0,0,0,2,0,0,0,0,0,0,1,0,1,3,0,7,0,0,0,0,0,0,0,1,0,0,1,0,0,0,0
G4,1,0,0,0,0,0,0,0,0,0,0,0,0,0,0,0,13,0,0,0,0,0,0,0,0,0,0,0,0,0,1,0,5,0,1,0,0,0,0,0,0,0,0,0,0,0,0,0,1,0,0,0,0,0,0,0.333333333,1,0,0,0,4.333333333,0,0,23.33333333,39.66666667,9,0,0,0,1,0,0,2,2.333333333,0,0.333333333,1.333333333,1.666666667,2,0,0,0,0.333333333,0,3,0.333333333,0,0.333333333,2.666666667,1,0,0,0,1.333333333,1,2.333333333,0,4,0,3,41,0,0,0,5.5,2,0,0,0,1,0,1,2,0,2,1,16,29,0,5,1,0,0,2,1,0,0,1,0,1,0,0,0,0,0,0,3,0,5,2,0,0,0,1,1,0,1,2,0,0,0,0,0,1
G5,0,0,0,0,0,0,0,0,0,0,0,0,0,0,0,0.333333333,3,0,0,0,0,0,0,0,0,0,0,0,0,0,0,0,6,0,0,0,0,0,0,0,0,0,0,0,0,0,0,0,0,0,0,0,0,0,0,0.333333333,0,0,0,0,4.333333333,0,0,17.33333333,34.33333333,8,0,0,0,0,0,0,2.333333333,4.333333333,0,1,0.666666667,1.666666667,0,0,0,0,0.333333333,0,0.333333333,0.333333333,0,0,2,1,0,0,0.666666667,0.333333333,1,2.333333333,0,0,0,0,17,0,2,0,5,0.5,0,0,0,0,0,0,0,0,3,0,13,14,0,0,0,0,0,1,1,0,0,0,0,0,0,0,0,0,0,1,0,0,2,0,0,0,0,0,0,0,1,0,0,0,0,0,0,0
G6,0,0,0,0,0,0,0,0,0,0,0,0,0,0,0,0,1,0,0,0,0,0,0,0,0,0,0,0,0,0,0,0,1,0,0,0,0,1,0,0,0,0,0,0,0,0,0,0,0,0,0,0,0,0,0,0,0,0,0,0,6.666666667,0,0,31,47.33333333,12,0,0,0,0,0,0,3,7.333333333,0,0,0.666666667,3,2,0,0,0,0,0.333333333,2.333333333,0.333333333,0,0,3.666666667,0,0.333333333,0,0.333333333,4.333333333,1,3.666666667,0,2,0,0,14,0,0,0,5.5,1,0,0,0,1,0,0,0,0,2,0,11,14,0,4,0,0,1,1,0,1,1,0,0,0,0,1,0,0,0,0,1,0,0,0,0,0,0,0,0,0,1,1,0,0,0,0,0,1
G7,1,1,0,0,0,0,0,0,0,0,0,0,0,0,0,0,3,0,0,8,0,0,0,0,0,0,0,0,0,0,0,0,3,0,0,2,0,0,0,0,0,1,0,0,0,0,0,2,0,0,0,0,0,0,0,0.666666667,0,0,0,0,7.666666667,0.333333333,0.333333333,21,20.33333333,4.666666667,0,0,0,0,0,1,3.333333333,5,0,0,1,2.666666667,7,0,0,0,0,0,2.666666667,0,0,0,4.666666667,1,0,0,0.666666667,2,1.666666667,1.333333333,0,4,0,3,24,0,1,1,5,0.5,0,0,0,1,0,0,2,0,5,0,9,18,2,2,0,0,0,4,2,1,0,0,0,0,0,0,0,3,0,0,5,0,4,0,0,0,0,0,0,0,0,3,0,1,1,1,0,6
G8,0,0,0,0,0,0,0,0,0,0,0,0,0,0,0,0,4,0,0,3,0,0,0,0,0,1,0,0,0,0,0,0,2,0,0,2,1,0,0,0,0,0,1,0,0,0,0,0,0,0,0,0,0,0,0,0.333333333,1,0,0,0,8.666666667,0,0.333333333,21.66666667,27.66666667,7,0,0,0,0,0,1,2.333333333,4.666666667,0,0.333333333,1.333333333,4,3,0,0,0,0,0,0.666666667,0.333333333,0,0,4.333333333,0,0,0,0.333333333,1.333333333,1,1,0,3,0,2,22,0,2,0,5.5,0,0,0,0,2,3,0,0,1,9,0,6,20,0,2,0,0,0,3,0,0,1,0,0,0,0,1,0,2,0,0,2,1,0,0,0,0,0,0,0,0,0,2,0,0,0,0,0,7
ML1,0,0,0,1,1,0,1,0,1,0,1,0,0,0,0,0,45,0,0,1,0,3,1,0,0,2,1,0,0,0,1,0,0,0,0,0,0,0,0,1,0,0,0,0,0,0,0,0,0,0,1,1,0,0,0.333333333,1.666666667,0,0,1,0.333333333,15.33333333,0.666666667,0.666666667,21,13.33333333,3.666666667,0.666666667,0,0.666666667,1,2,0,1.666666667,6,0,1,0.333333333,3.333333333,2,0,0,0,0.333333333,0,5,0.333333333,0.333333333,0.333333333,10.33333333,1,0,0,1.333333333,5.333333333,3.666666667,3.333333333,0,8,0.333333333,6,22,0,5,0,2,3.5,1,1,2,4,0,0,1,0,7,0,8,22,2,2,1,0,0,0,0,0,1,0,0,0,0,2,0,3,0,0,3,0,3,0,0,1,0,0,0,0,0,0,0,0,0,0,1,1
ML2,0,0,0,0,0,1,0,1,0,0,0,0,0,0,0,0,21,1,0,0,0,0,0,1,1,0,0,0,1,0,1,0,0,0,0,0,0,0,0,0,0,0,0,1,0,1,1,0,0,1,0,1,0,0,0.333333333,1,1,0,0,0,9.333333333,0.666666667,0.666666667,29,23,5,0.333333333,0.666666667,1,0,0,0,1,7.666666667,0,0.333333333,1.666666667,4,4,0,0,0,0,0,6.666666667,1.333333333,0,1.666666667,10,0,0.666666667,0,0.666666667,4.666666667,2.333333333,0.333333333,0,5,0,11,28,0,5,0,2.5,2,2,0,1,1,0,1,1,0,7,0,11,26,2,1,0,0,0,0,1,0,0,1,0,0,0,0,1,2,0,0,4,0,3,0,1,1,0,0,0,1,2,0,0,0,0,0,1,0
ML3,0,0,0,0,0,0,0,0,0,0,0,1,0,0,0,0,9,0,0,0,0,0,0,0,0,0,0,0,0,0,1,0,2,1,1,1,0,0,0,0,0,0,0,0,0,0,0,0,0,0,0,0,0,0.5,0.333333333,1.333333333,0,0,0,0,2.666666667,0,0,8.333333333,22.66666667,4,0,0,0,1,0,0,0.333333333,1.666666667,0,0,0.666666667,1.666666667,3,0,0,0,0,0,3.333333333,0,0,0.666666667,1.333333333,0,0,0,0.666666667,1,1.666666667,0.333333333,0,0,0,2,19,0,1,0,4,0.5,0,0,0,0,0,2,3,0,2,1,30,38,0,1,0,1,0,0,1,0,1,0,0,0,1,1,0,3,0,0,2,0,2,0,0,0,0,0,0,0,0,0,0,0,0,0,0,0
SV1,0,0,0,0,0,0,0,0,0,0,0,0,0,0,0,0,1,0,0,0,0,0,0,0,0,0,0,0,0,0,0,0,0,0,0,0,0,0,0,0,0,0,0,0,0,0,0,0,0,0,0,0,0,0,0,0,0,0,0,0,0,0,0,0,1.333333333,0.333333333,0,0,0,0,0,0,0,0.333333333,0,0,0,0,0,0,0,0,0,0,0.666666667,0,0,0,0,0,0,0,0,0.333333333,0,0,0,0,0,1,0,0,0,0,0,0,0,0,0,0,0,0,0,0,0,0,0,0,0,0,0,0,0,0,0,0,0,0,0,0,0,0,0,0,0,0,0,0,0,0,0,0,0,0,0,0,0,0,0,0,0,0,0,0
SV10,0,0,0,0,0,0,0,0,0,0,0,0,0,0,0,0,0,0,0,0,0,0,0,0,0,0,0,0,0,0,0,0,0,0,0,1,0,0,0,0,0,0,0,0,0,0,0,0,0,0,0,0,0,0,0,0,0,0,0,0,2,0,0,1.333333333,1.666666667,0,0,0,0,0,0,0,0.333333333,0,0,0,0,0.333333333,0,0,0,0,0,0,0,0,0,0,0,0,0,0,0,0,0,0,0,0,0,0,2,0,0,0,0.5,0,0,0,0,0,0,0,1,0,0,1,1,3,0,0,0,0,0,0,0,0,0,0,0,0,0,0,0,0,0,0,0,0,0,0,0,0,0,0,0,0,0,0,0,0,0,0,0,0
SV2,0,0,0,0,0,0,0,0,0,0,0,0,0,0,0,0,0,0,0,0,0,0,0,0,0,0,0,0,0,0,0,0,0,0,0,0,0,0,0,0,0,0,0,0,0,0,0,0,0,0,0,0,0,0,0,0,0,0,0,0,0,0,0,0,0.666666667,0,0,0,0,0,0,0,0,0,0,0,0,0,0,0,0,0,0,0,0.333333333,0,0,0,0,0,0,0,0,0,0,0,0,0,0,0,0,0,0,0,0,0,0,0,0,0,0,0,0,0,0,0,0,0,0,0,0,0,0,0,0,0,0,0,0,0,0,0,0,0,0,0,0,0,0,0,0,0,0,0,0,0,0,0,0,0,0,0,0,0
SV3,0,0,0,0,0,0,0,0,0,0,0,0,0,0,0,0,10,0,0,0,0,0,0,0,0,0,0,0,0,0,0,0,0,0,0,0,0,0,0,0,0,0,0,0,0,0,0,0,0,0,0,0,0,0,0,0,0,0,0,0,0,0,0,0.333333333,1.666666667,0,0,0,0,0,0,0,0,0,0,0,0,0.666666667,0,0,0,0,0,0,0.333333333,0,0,0,0,0,0,0,0,0,0,0,0,0,0,3,0,0,0,0,0.5,0,1,0,0,0,0,0,0,0,0,0,0,0,0,0,0,0,0,0,0,0,0,0,0,0,0,0,0,0,0,0,0,0,0,0,0,0,0,0,0,0,0,0,0,0,0,0,0,0
SV4,0,0,0,0,0,0,0,0,0,0,0,0,0,0,0,0,12,0,0,0,0,0,0,0,0,0,0,0,0,0,0,0,0,0,0,0,0,0,0,0,0,0,0,0,1,0,0,0,0,0,0,0,0,0,0,0,0,0,0,0,0,0,0,1.333333333,1.666666667,0,0,0,0,0,0,2,0,0,0,0,0,0,0,0,0,0,0,0,2.666666667,0,0,0,0,1,0,0.333333333,0,0,0,0,0,0,0,1,0,0,0,0,0,0.5,0,0,0,0,0,0,0,0,0,0,0,0,0,0,0,0,0,0,0,0,0,0,0,0,0,0,0,0,0,0,0,0,0,0,0,1,0,0,0,0,0,0,0,0,0,0,0,0
SV5,0,0,0,0,0,0,0,1,0,0,0,0,0,0,0,0,11,0,1,0,0,0,0,0,0,0,0,0,0,0,0,0,0,0,0,0,0,0,0,0,0,0,0,0,0,0,0,0,0,0,0,0,0,0,0,0,0,0,1,0,0.333333333,0,0,0.333333333,2,0,0,0,0,0,0,0,0,0.666666667,0,0.333333333,0,0,0,0,0,0,0.333333333,0,1.333333333,0,0,0.333333333,0,1,0,0,0,0.333333333,0,0.333333333,0,0,0,0,1,0,0,0,0,1,2,0,0,0,0,0,0,0,0,0,0,0,0,0,0,0,0,0,0,0,0,0,0,0,0,0,0,0,0,0,0,0,0,0,0,0,0,0,0,0,0,0,0,0,0,0,0,0
SV6,0,0,0,0,0,0,0,0,0,0,0,0,0,0,0,0,2,0,0,0,0,0,0,2,0,0,0,0,0,0,0,0,0,0,0,0,0,0,0,0,0,0,0,0,0,0,0,0,0,0,0,0,0,0,0,0,0,0,0,0,0,0,0,0.333333333,0,0,0,0,0,0,0,0,0.333333333,0,0,0,0,0,0,0,0,0,0,0,1,0,0,0.333333333,0,0,0,0,0.333333333,0,0,0,0,0,0,2,1,1,0,0,0,0,0,0,0,0,0,0,0,0,0,0,2,2,0,0,0,0,0,0,0,0,1,0,0,0,0,0,0,0,0,0,0,0,0,0,0,0,0,0,0,0,0,0,0,0,0,0,0,0
SV7,0,0,0,0,0,0,0,0,0,0,0,0,0,0,0,0,9,0,0,0,0,0,0,1,0,1,0,0,0,0,1,0,0,0,0,0,0,0,0,0,0,0,0,0,0,0,0,0,0,0,0,0,0,0,0,0,0,0,0,0,0,0,0,0.666666667,3,0.333333333,0,0,0,0,0,0,0,0.666666667,0,0.333333333,0.333333333,0.333333333,0,0,0,0,0,0,1,0,0,0,0.333333333,0,0.333333333,0,0,0.666666667,0,0.333333333,0.333333333,1,0,4,6,0,0,0,0,0,2,0,0,0,0,0,0,0,1,0,3,1,1,0,0,0,0,0,2,0,0,0,0,0,0,0,0,0,0,0,1,0,0,0,0,1,1,0,0,0,0,0,0,0,0,0,0,0
SV8,0,0,0,0,0,0,0,0,0,0,0,0,0,0,0,0,2,0,0,0,0,0,0,0,0,0,0,0,0,0,0,0,0,0,0,0,0,0,0,0,0,0,0,0,0,0,0,0,0,0,0,0,0,0,0,0,0,0,0,0,1,0,0.333333333,0.666666667,0,0,0,0,0.333333333,0,0,0,0,0,0,0,0,0,0,0,0,0,0,0,0,0.333333333,0,0,1,0,0,0,0,0,0,0,0,0,0,0,0,0,0,0,0,0.5,0,0,0,0,0,0,0,0,1,0,0,0,0,0,0,0,0,0,0,0,0,0,0,0,0,0,0,0,0,0,0,0,0,0,0,0,0,0,0,0,0,0,0,0,0,0,0,0
SV9,0,0,0,0,1,0,0,0,0,0,0,0,0,0,0,0,4,0,0,0,0,0,0,0,0,0,0,0,0,0,0,0,0,0,0,0,0,0,0,0,0,0,0,0,0,0,0,0,0,0,0,0,0,0,0,0,0,0,0,0,0,0,0,1.333333333,0.333333333,0,0,0,0,0,0,0,0.333333333,0.666666667,0,0,0.333333333,0.333333333,2,0,0,0,0,0,0,0,0,0,0.333333333,0,0,0,0,0,0,0.333333333,0,2,0,0,8,0,0,0,0,0,1,0,0,0,0,0,0,0,0,0,3,5,1,0,0,0,0,0,0,0,0,0,0,0,0,0,0,0,0,0,2,0,0,0,0,1,0,0,0,0,0,0,0,0,0,0,0,2
SW1,0,0,0,0,0,0,0,0,0,0,0,0,0,0,0,0,8,0,0,0,0,0,0,0,0,0,0,1,0,0,0,0,0,0,0,0,0,0,0,0,0,0,0,0,0,0,0,0,0,0,0,0,0,0,0,0,0,0,0,0,1,0.333333333,0,0.666666667,1.333333333,0.666666667,0,0,0,0,0,0,0,1,0,0,0,0,0,0,0,0,0,0,0.666666667,0,0,0,0.666666667,0,0,0,0,0,0,0.333333333,0,0,0.333333333,0,0,0,1,0,0,0,1,0,0,0,0,0,0,0,0,0,0,2,0,0,0,0,0,0,0,0,0,0,0,0,0,0,0,0,0,0,0,0,0,0,0,0,0,0,0,0,0,0,0,0,0,0,0,0
SW2,0,0,0,0,0,0,0,0,0,0,0,0,0,0,0,0,41,0,0,0,0,0,0,1,0,0,0,0,0,0,0,0,0,0,0,0,0,0,0,0,0,0,0,0,0,0,0,0,0,0,0,0,0,0,0,0,0,0,1,0,0.666666667,0,0,2.666666667,8.666666667,1,0,0,0,0,0,0,0,2.333333333,0,0,0,3,0,0,0,0,0,0,6.333333333,0,0,0,0.333333333,0,0.666666667,0,0,0.666666667,0.333333333,0.333333333,0,0,0,6,4,0,0,0,0.5,1,3,0,0,0,0,0,0,2,1,0,3,0,0,1,0,0,0,0,0,0,0,0,0,0,0,0,0,0,0,0,0,0,0,0,0,1,0,0,0,0,0,0,0,0,0,0,0,0
SW3,1,0,0,0,0,0,0,0,0,0,0,0,0,0,0,0,29,0,0,0,0,0,0,0,0,0,0,0,0,0,0,1,2,0,0,0,0,0,0,0,0,0,0,1,0,0,0,0,0,0,0,0,0,0,0,1,0,0,0,0,4.333333333,0,0,16,40.66666667,12,0,0,0,0,0,0,0,4.333333333,0,0,0,3.333333333,4,1,0,0.333333333,0,0.333333333,13,0.333333333,0,0.333333333,3,1,0.666666667,0,0.333333333,1,1,2.333333333,0,1,1.666666667,8,21,0,0,0,6,0.5,2,0,0,1,0,0,0,3,1,0,6,19,0,0,0,0,0,1,2,0,3,0,0,0,2,2,0,1,0,0,0,0,6,0,0,1,1,0,0,0,0,1,0,1,0,0,0,1
SW4,0,1,1,0,0,0,1,0,0,1,0,0,0,0,0,0,58,0,0,2,0,0,0,0,0,1,0,0,0,1,0,0,2,0,1,2,0,0,1,0,1,0,1,0,0,0,1,0,0,0,0,0,0,0,0,0.333333333,1,0,1,0,4,1.333333333,0,20.66666667,60,9,0,0,0,0,0,0,1.333333333,9,0.333333333,0.333333333,1.333333333,5,4,0,0,0,0,0,9.333333333,0.333333333,0,2,5.666666667,2,0.666666667,0,3.666666667,2,1,1.666666667,0,2,0,10,38,0,1,0,7.5,2.5,2,0,0,2,1,0,0,0,5,0,8,29,0,2,0,0,0,1,2,0,4,0,0,2,0,3,0,5,0,0,3,1,2,1,0,0,0,0,0,0,1,0,0,1,0,0,0,2
SW5,0,0,0,0,0,0,0,0,0,0,0,0,0,0,0,0,14,0,0,0,0,0,0,0,0,0,0,0,0,0,0,0,0,0,0,0,0,0,0,0,0,0,0,0,0,0,0,0,0,0,0,0,0,0,0,0,0,0,0,0,1.333333333,0,0,8.666666667,23.33333333,3.333333333,0,0,0,0,0,2,0.666666667,3.666666667,0,0,2,2.666666667,3,0,0,0.333333333,0,0.333333333,4.333333333,0,0,0,2.666666667,1,0,0,0,1,0.333333333,1,0,1,0,5,23,0,1,0,1.5,0.5,0,0,0,2,0,0,0,1,3,0,5,12,0,1,0,0,0,1,0,0,1,0,0,2,0,0,0,1,0,0,0,0,1,0,0,0,1,0,0,0,0,0,0,1,0,0,0,3
SW6,0,0,0,0,0,0,0,0,0,0,0,0,0,0,0,0,35,0,0,1,0,0,0,0,0,2,0,0,0,0,0,0,8,0,1,1,0,0,1,0,1,0,0,1,0,0,0,0,0,0,0,0,0,0.5,0,0.666666667,0,0,1,0,14,0,0.333333333,43,82.66666667,17.33333333,0,0,0,1,0,0,2,10.33333333,0,1,3,14.33333333,2,0,0.333333333,0,0.333333333,0.666666667,9,0.333333333,0,0.666666667,9.333333333,0,0,0,1.666666667,1,1.666666667,6.666666667,0,1,0.666666667,0,37,1,3,0,11,0.5,1,0,0,0,0,1,0,1,3,0,9,37,0,1,0,0,0,0,4,0,1,1,1,0,0,0,0,2,1,0,0,1,5,0,0,0,2,0,0,0,1,1,1,0,0,0,0,0
TG1-5,0,0,0,0,0,0,0,0,0,0,0,0,0,0,0,0,0,0,0,0,0,0,0,0,0,0,0,0,0,0,0,0,0,0,0,0,0,0,0,0,0,0,0,0,0,0,0,0,0,0,0,0,0,0,0,0,0,0,0,0,0,0,0,0.333333333,0,0,0,0,0,0,0,0,0,0,0,0,0,0,0,0,0,0,0,0,0,0,0,0.666666667,0,0,0,0,0,0,0,0,0,0,0,0,0,0,0,0,0,0,0,0,0,0,0,0,0,1,0,0,0,0,0,0,0,0,0,0,0,0,0,0,0,0,0,0,0,0,0,0,0,0,0,0,0,0,0,0,0,0,0,0,0,0,0,0,0,0
TG5-1,0,0,0,0,0,0,0,0,0,0,1,0,0,1,0,0,0,0,0,0,0,0,0,0,0,0,0,0,0,0,0,0,0,0,0,0,0,0,0,0,0,0,0,0,0,0,0,0,0,0,0,0,0,0,0,0,0,0,0,0,0,0,0,0,0.333333333,0,0,0,0,0,0,0,0,0,0,0,0,0,0,0,0,0,0,0,0.333333333,0,0,0,0,0,0,0,0,0.666666667,0,0,0,0,0,0,0,0,0,0,0.5,0,0,0,0,0,0,0,0,0,0,0,1,0,0,1,0,0,0,0,0,0,0,0,0,0,0,0,0,0,0,0,0,0,0,0,0,0,0,0,0,0,0,0,0,0,0,0,0,0
MG3-2,0,0,0,0,0,0,0,0,0,0,0,0,0,0,0,0,0,0,0,0,0,0,0,0,0,0,0,0,0,0,0,0,0,0,0,0,0,0,0,0,0,0,0,0,0,0,0,0,0,0,0,0,0,0,0,0,0,0,0,0,0,0,0,0,0,0,0,0,0,0,0,0,0,0,0,0,0,0,0,0,0,0,0,0,0,0,0,0,0.333333333,0,0,0,0,0,0,0,0,0,0,0,2,0,0,0,0,0,0,0,0,0,0,0,0,0,0,0,2,0,1,0,0,0,0,0,0,0,0,0,0,0,1,0,0,0,0,0,0,0,0,0,0,0,0,0,0,0,0,0,0,0,0,0,0,0
MG6-4,0,0,0,0,0,0,0,0,0,0,0,0,0,0,0,0,0,0,0,0,1,0,0,0,0,0,0,0,0,0,0,0,0,0,0,0,0,0,0,0,0,0,0,0,0,0,0,0,0,0,0,0,0,0,0,0,0,0,0,0,0,0,0,0,0,0,0,0,0,0,0,0,0,0,0,0,0,0,0,0,0,0,0,0,0,0,0,1,0,0,0,0,0,0,0,0,0,0,0,0,0,0,0,0,0,0,0,0,0,0,0,0,0,0,1,0,0,2,0,0,0,0,0,0,0,0,0,0,0,0,0,0,0,0,0,0,0,0,0,0,0,0,0,0,0,0,0,0,0,0,0,0,0,0
MGM-3,0,0,0,0,0,0,0,0,0,0,0,0,0,0,0,0,4,0,0,0,0,0,0,0,0,0,0,0,0,0,0,0,0,0,0,0,0,0,0,0,0,0,0,0,0,0,0,0,0,0,0,0,0,0,0,0,0,0,0,0,0.666666667,0,0,2.333333333,1.333333333,0,0,0,0,0,0,0,0,0.333333333,0,0,0,0.666666667,0,0,0,0,0,0,1,0,0,0,0,0,0,0,0,0,0,0,0,0,0.333333333,0,2,0,0,0,0,0,0,0,0,0,0,0,0,0,0,0,1,0,0,0,0,0,0,0,2,0,1,0,0,0,0,0,0,0,0,0,0,0,0,0,0,0,0,0,0,0,0,0,0,0,0,0,0,0
BG12-2,0,0,0,0,0,0,0,0,0,0,1,0,1,0,0,0,0,0,0,0,0,0,0,0,0,0,0,0,0,0,0,0,0,0,0,0,0,0,0,0,0,0,0,0,0,0,0,0,0,0,0,0,0,0,0,0,0,0,0,0,0.333333333,0,0,0.666666667,0,0,0,0,0,0,0,0,0.333333333,0,0,0,0,0,0,0,0,0,0,0,1,0,0,0.666666667,0,0,0,0,0,0.666666667,0,0.333333333,0,0,0,0,0,0,0,0,0,0,0,0,0,0,0,0,0,0,0,0,0,1,0,0,0,0,0,0,0,0,1,0,0,0,1,0,0,0,0,0,0,0,0,0,0,0,0,0,0,0,0,0,0,0,0,0,0,0
CN-4,0,0,0,0,0,0,0,0,0,0,0,0,0,0,0,0,1,0,0,0,0,0,0,0,0,0,0,0,0,0,0,0,0,0,0,0,0,0,0,0,0,0,0,0,0,0,0,0,0,0,0,0,0,0,0,0,0,0,0,0,0,0,0,0.666666667,0,0,0,0,0,0,0,0,0,0,0,0,0,0,0,0,0,0,0,0,0.333333333,0,0,0,0,0,0,0,0.333333333,0,0,0,0,0,0,0,0,0,0,0,0,0,0,0,0,0,0,0,0,0,0,0,1,3,0,0,0,0,0,0,0,0,0,0,0,0,0,0,0,0,0,0,0,0,0,0,0,0,0,0,0,0,0,0,0,0,0,0,0,0
FI-1,0,0,0,0,0,0,0,0,0,0,0,0,0,0,0,0,0,0,0,0,0,0,0,0,0,0,0,0,0,0,0,0,0,0,0,0,0,0,0,0,0,0,0,0,0,0,0,0,0,0,0,0,1,0,0,0,0,0,0,0,0,0,0,0,0,0,0,0,0,0,0,0,0,0,0,0,0,0,0,0,0,0,0,0,0.333333333,0,0,0.666666667,0,0,0,0,0,0.333333333,0,0,0,0,0,0,1,0,0,0,0,0,0,0,0,0,0,0,0,0,1,0,0,0,0,0,0,0,0,0,0,0,0,0,0,0,0,0,0,0,0,0,0,0,0,0,0,0,0,0,0,0,0,0,0,0,0,0,0,0
MS4-1,0,0,0,0,1,0,0,0,0,0,0,0,0,0,0,0,1,0,0,0,0,0,0,0,0,0,0,0,0,0,0,0,0,0,0,0,0,0,0,0,0,0,0,0,0,0,0,0,0,1,0,0,0,0,0,0,0,0,0,0,0.333333333,0,0,0,0,0,0,0,0,0,0,0,0,0,0,0,0,0,0,0,0,0,0,0,0.333333333,0,0,0,0,0,0,0,0,0,0,0.666666667,0,0,0,0,3,0,0,0,0,0,0,0,0,0,0,0,0,0,0,0,0,0,0,2,0,0,0,0,0,0,0,0,0,0,0,0,0,0,0,0,0,0,0,0,0,0,0,0,0,0,0,0,0,0,0,0,0,0
MS5-1,0,0,0,0,0,0,0,0,0,0,0,0,0,0,0,0,1,0,0,0,0,0,0,0,0,0,0,0,0,0,0,0,0,0,0,0,0,0,0,0,0,0,0,0,0,0,0,0,0,0,0,0,0,0,0,0,0,0,0,0,0.333333333,0,0,0.666666667,0,0,0,0,0,0,0,0,0,0,0,0,0,0,0,0,0,0,0,0,0.666666667,0,0,0,0,0,0,0,0,0.666666667,0.333333333,0,0,0,0,0,2,0,0,0,0,0,0,0,0,0,0,0,0,0,0,0,0,0,0,0,0,0,0,0,2,0,1,0,0,0,0,0,0,0,0,0,0,0,0,0,0,0,0,0,0,0,0,0,0,0,0,0,0,0
MS6-5,0,0,0,0,0,0,0,0,0,0,0,0,0,0,0,0,0,0,0,0,0,0,0,1,0,0,0,0,0,0,0,0,0,0,0,0,0,0,0,0,0,0,0,0,0,0,0,0,0,0,0,0,0,0,0,0,0,0,0,0,0,0,0,0,0,0,0,0,0,0,0,0,0,0,0,0,0,0.666666667,0,0,0,0,0,0,0,0,0,2,0,0,0,0,0,0,0,0,0,0,0,0,1,0,0,0,0.5,0,0,0,0,0,0,0,0,0,0,0,0,2,0,0,0,0,0,0,1,0,0,0,0,0,0,0,0,0,0,0,0,0,0,0,0,0,0,0,0,0,0,0,0,0,0,0,0,0
MS7-5,0,0,1,0,0,0,0,0,0,0,0,0,0,0,0,0,0,0,0,0,0,0,0,0,0,0,0,0,0,0,0,0,0,0,0,0,0,0,0,0,0,0,0,0,0,0,0,0,0,0,0,0,0,0,0,0,0,0,0,0,0,0,0,0,0,0,0,0,0,0,0,0,0,0.333333333,0,0,0,0,0,0,0,0,0,0,0,0,0,0,0,0,0,0,0,0,0,0,0,0,0,0,2,0,0,0,0,0,0,0,0,0,0,0,0,0,0,0,0,0,0,0,0,0,0,0,0,0,0,0,0,0,0,0,0,0,0,0,0,0,0,0,0,0,0,0,0,0,0,0,0,0,0,0,0,0
MtG-4,0,0,0,0,0,0,0,0,0,0,0,0,0,0,0,0,2,0,0,0,0,0,0,0,0,0,0,0,0,0,0,0,0,0,0,0,0,0,0,0,0,0,0,0,0,0,0,0,0,0,0,0,0,0,0,0,0,0,0,0,0,0,0,0,0.666666667,0,0,0,0,0,0,0,0,0.333333333,0,0,0,0,0,0,0,0,0,0,0,0,0,0,0,0,0,0,0,0,0,0,0,0,0.333333333,0,3,0,0,0,0,0,0,0,0,0,0,0,0,0,0,0,0,3,0,0,0,0,0,0,0,0,0,0,0,0,0,0,0,0,0,0,0,0,0,0,0,0,0,0,0,0,0,0,0,0,0,0,0,0
MtG22-5,0,0,0,0,0,0,0,0,0,0,0,0,0,0,0,0,0,0,0,0,0,0,0,0,0,0,0,0,0,0,0,0,0,0,0,0,0,0,0,0,0,0,0,0,0,0,0,0,0,0,0,0,0,0,0,0,0,0,0,0,0,0,0,0,0,0,0,0,0,0,0,0,0,0,0,0,0,0,0,0,0,0,0,0,0,0,0,0,0,0,0,0,0,0,0,0,0,0,0,0,1,0,0,0,0,0,0,0,0,0,0,0,0,0,0,0,3,0,0,0,0,0,0,0,0,0,0,0,0,0,0,0,0,0,0,0,0,0,0,0,0,0,0,0,0,0,0,0,0,0,0,0,0,0
PT-2,0,0,0,0,0,0,0,0,0,0,0,0,0,0,0,0,0,0,0,0,0,0,0,0,0,0,0,0,0,0,0,0,0,0,0,0,0,0,0,0,0,0,0,0,0,0,0,0,0,0,0,0,0,0,0,0,0,0,0,0,0,0,0,0,0,0,0,0,0,0,0,0,0,0,0,0,0,0,0,0,0,0,0,0,0,0,0,0,0,0,0,0,0,0,0,0,0,0,0,0,3,0,0,0,0,0,0,0,0,0,0,0,0,0,0,0,0,0,0,0,0,0,0,0,0,0,0,0,0,0,0,0,0,0,0,0,0,0,0,0,0,0,0,0,0,0,0,0,0,0,0,0,0,0
SP-2,0,0,0,0,0,0,0,0,0,0,0,0,0,0,1,0,0,0,0,0,0,0,0,0,0,0,0,0,0,0,0,0,0,0,0,0,0,0,0,0,0,0,0,0,0,0,0,0,0,0,0,0,0,0,0,0,0,0,0,0,0,0,0,0,0.333333333,0,0,0,0,0,0,0,0,0,0,0,0,0,0,0,0,0,0,0,0,0,0,0,0,0,0,0,0,0,0,0,0,0,0,0,2,0,0,0,0,0,0,0,0,0,0,0,0,0,1,0,1,0,0,0,0,0,0,0,0,0,0,0,0,0,0,0,0,0,0,0,0,0,0,0,0,0,0,0,0,0,0,0,0,0,0,0,0,0
