﻿Sample,Glacier_Foreland,Geo_Location,Location,ARO_Abun,Simpson,Shannon,Richness,Number
BG12-2,Mackay Glacier region,Antarctic,Antarctic,0.027213523,0.812734583,1.970903344,12,12
CN-4,Mackay Glacier region,Antarctic,Antarctic,0.015086881,0.636029219,1.235023771,6,6
FI-1,Mackay Glacier region,Antarctic,Antarctic,0.014029934,0.605702162,1.231497541,6,6
G1,Russell Glacier,Arctic ,Greenland,0.010687521,0.800817006,1.857858175,10,10
G2,Russell Glacier,Arctic ,Greenland,0.021119287,0.897994693,2.715640695,30,30
G3,Russell Glacier,Arctic ,Greenland,0.035281519,0.851244039,2.631218154,38,38
G4,Russell Glacier,Arctic ,Greenland,0.04056048,0.940601994,3.288777026,53,53
G5,Russell Glacier,Arctic ,Greenland,0.029925448,0.912080692,2.769348724,34,34
G6,Russell Glacier,Arctic ,Greenland,0.028013427,0.922198404,3.014902371,39,39
G7,Russell Glacier,Arctic ,Greenland,0.058808474,0.954932367,3.449561493,52,52
G8,Russell Glacier,Arctic ,Greenland,0.065131793,0.948939006,3.316660059,48,48
MG3-2,Mackay Glacier region,Antarctic,Antarctic,0.013398079,0.75288352,1.456099488,5,5
MG6-4,Mackay Glacier region,Antarctic,Antarctic,0.016145088,0.614820743,1.156186526,4,4
MGM-3,Mackay Glacier region,Antarctic,Antarctic,0.027700272,0.760485374,1.807393341,12,12
ML1,Midtre Lovenbreen,Arctic ,Svalbard,0.050338837,0.905917581,3.31026583,72,72
ML2,Midtre Lovenbreen,Arctic ,Svalbard,0.040360326,0.946840644,3.520433454,67,67
ML3,Midtre Lovenbreen,Arctic ,Svalbard,0.026798452,0.9375432,3.159828061,47,47
MS4-1,Mackay Glacier region,Antarctic,Antarctic,0.019558785,0.803322003,1.757729068,8,8
MS5-1,Mackay Glacier region,Antarctic,Antarctic,0.019278487,0.780096169,1.727793346,9,9
MS6-5,Mackay Glacier region,Antarctic,Antarctic,0.018643901,0.82119695,1.802662908,7,7
MS7-5,Mackay Glacier region,Antarctic,Antarctic,0.006125129,0.535682242,0.830032484,3,3
MtG-4,Mackay Glacier region,Antarctic,Antarctic,0.017199268,0.692174655,1.31233714,6,6
MtG22-5,Mackay Glacier region,Antarctic,Antarctic,0.005118695,0.426089385,0.617298572,2,2
PT-2,Mackay Glacier region,Antarctic,Antarctic,0.004260616,0,0,1,1
SP-2,Mackay Glacier region,Antarctic,Antarctic,0.01157737,0.717500259,1.378474993,5,5
SV1,Midtre Lovenbreen,Arctic ,Svalbard,0.012263043,0.718476866,1.569709792,7,7
SV10,Midtre Lovenbreen,Arctic ,Svalbard,0.032373334,0.841736604,2.121138229,12,12
SV2,Midtre Lovenbreen,Arctic ,Svalbard,0.002762685,0.380066438,0.567889209,2,2
SV3,Midtre Lovenbreen,Arctic ,Svalbard,0.122387384,0.322452707,0.786210095,8,8
SV4,Midtre Lovenbreen,Arctic ,Svalbard,0.089841826,0.501050712,1.180822293,11,11
SV5,Midtre Lovenbreen,Arctic ,Svalbard,0.045081406,0.614432183,1.59417828,18,18
SV6,Midtre Lovenbreen,Arctic ,Svalbard,0.025712008,0.838884158,2.087446635,13,13
SV7,Midtre Lovenbreen,Arctic ,Svalbard,0.044400355,0.865530226,2.54913852,29,29
SV8,Midtre Lovenbreen,Arctic ,Svalbard,0.03336394,0.725153036,1.693021403,9,9
SV9,Midtre Lovenbreen,Arctic ,Svalbard,0.039689044,0.89676016,2.49711915,20,20
SW1,Storglaciaren Glacier,Arctic ,Sweden,0.044773589,0.646592461,1.614694581,15,15
SW2,Storglaciaren Glacier,Arctic ,Sweden,0.073143055,0.493381209,1.42852511,25,25
SW3,Storglaciaren Glacier,Arctic ,Sweden,0.029847095,0.904474904,3.034886258,49,49
SW4,Storglaciaren Glacier,Arctic ,Sweden,0.040675546,0.869789937,3.018406921,66,66
SW5,Storglaciaren Glacier,Arctic ,Sweden,0.036199381,0.899488843,2.868789947,39,39
SW6,Storglaciaren Glacier,Arctic ,Sweden,0.029305768,0.920695141,3.107902515,61,61
TG1-5,Mackay Glacier region,Antarctic,Antarctic,0.008445278,0.217738595,0.433904081,3,3
TG5-1,Mackay Glacier region,Antarctic,Antarctic,0.015665315,0.699005105,1.557432402,8,8
