﻿Sample,Site,Glacier_Foreland,Location,Station
BG12-2,Antarctic,Mackay Glacier region,Antarctic,BG12-2
CN-4,Antarctic,Mackay Glacier region,Antarctic,CN-4
FI-1,Antarctic,Mackay Glacier region,Antarctic,FI-1
G1,Arctic ,Russell Glacier,Greenland,G1
G2,Arctic ,Russell Glacier,Greenland,G2
G3,Arctic ,Russell Glacier,Greenland,G3
G4,Arctic ,Russell Glacier,Greenland,G4
G5,Arctic ,Russell Glacier,Greenland,G5
G6,Arctic ,Russell Glacier,Greenland,G6
G7,Arctic ,Russell Glacier,Greenland,G7
G8,Arctic ,Russell Glacier,Greenland,G8
MG3-2,Antarctic,Mackay Glacier region,Antarctic,MG3-2
MG6-4,Antarctic,Mackay Glacier region,Antarctic,MG6-4
MGM-3,Antarctic,Mackay Glacier region,Antarctic,MGM-3
ML1,Arctic ,Midtre Lovenbreen,Svalbard,ML1
ML2,Arctic ,Midtre Lovenbreen,Svalbard,ML2
ML3,Arctic ,Midtre Lovenbreen,Svalbard,ML3
MS4-1,Antarctic,Mackay Glacier region,Antarctic,MS4-1
MS5-1,Antarctic,Mackay Glacier region,Antarctic,MS5-1
MS6-5,Antarctic,Mackay Glacier region,Antarctic,MS6-5
MS7-5,Antarctic,Mackay Glacier region,Antarctic,MS7-5
MtG-4,Antarctic,Mackay Glacier region,Antarctic,MtG-4
MtG22-5,Antarctic,Mackay Glacier region,Antarctic,MtG22-5
PT-2,Antarctic,Mackay Glacier region,Antarctic,PT-2
SP-2,Antarctic,Mackay Glacier region,Antarctic,SP-2
SV1,Arctic ,Midtre Lovenbreen,Svalbard,SV1
SV10,Arctic ,Midtre Lovenbreen,Svalbard,SV10
SV2,Arctic ,Midtre Lovenbreen,Svalbard,SV2
SV3,Arctic ,Midtre Lovenbreen,Svalbard,SV3
SV4,Arctic ,Midtre Lovenbreen,Svalbard,SV4
SV5,Arctic ,Midtre Lovenbreen,Svalbard,SV5
SV6,Arctic ,Midtre Lovenbreen,Svalbard,SV6
SV7,Arctic ,Midtre Lovenbreen,Svalbard,SV7
SV8,Arctic ,Midtre Lovenbreen,Svalbard,SV8
SV9,Arctic ,Midtre Lovenbreen,Svalbard,SV9
SW1,Arctic ,Storglaciaren Glacier,Sweden,SW1
SW2,Arctic ,Storglaciaren Glacier,Sweden,SW2
SW3,Arctic ,Storglaciaren Glacier,Sweden,SW3
SW4,Arctic ,Storglaciaren Glacier,Sweden,SW4
SW5,Arctic ,Storglaciaren Glacier,Sweden,SW5
SW6,Arctic ,Storglaciaren Glacier,Sweden,SW6
TG1-5,Antarctic,Mackay Glacier region,Antarctic,TG1-5
TG5-1,Antarctic,Mackay Glacier region,Antarctic,TG5-1
