﻿MAG,GeneID,Gene,Start,End,Type,Data ,Location
JACDBJ000000000,JACDBJ000000000.307/1,rpoB2,14889,18272,ARG,JACDBJ000000000,Mackay Glacier region
JACDBJ000000000,JACDBJ000000000.493/1,tnpA,1259,1538,MGE,JACDBJ000000000,Mackay Glacier region
G3_Bin_00023,G3_Bin_00023_000000000253,vanO,820,1518,ARG,G3_Bin_00023,Russell Glacier
G3_Bin_00023,G3_Bin_00023_000000000265,tnpA,1796,2075,MGE,G3_Bin_00023,Russell Glacier
JACCSX000000000,JACCSX000000000.305/1,OXA-29,558,1358,ARG,JACCSX000000000,
JACCSX000000000,JACCSX000000000.179/1,tnpA,4095,4361,MGE,JACCSX000000000,
