﻿ContigID,GeneID,Gene,Start,End,Type,Data ,Location,,
SW6_Bin_00086,SW6_Bin_00086_000000000248,pilT,848,1839,VFG,SW6_Bin_00086,Storglaciaren Glacier,,
SW6_Bin_00048,SW6_Bin_00048_000000000743,acpXL,1175,1374,VFG,SW6_Bin_00048,Storglaciaren Glacier,,
SW6_Bin_00048,SW6_Bin_00048_000000000565,IS91,309,622,MGE,SW6_Bin_00048,Storglaciaren Glacier,,
SW6_Bin_00043,SW6_Bin_00043_000000000349,acpXL,2011,2216,VFG,SW6_Bin_00043,Storglaciaren Glacier,,
SW6_Bin_00035,SW6_Bin_00035_000000000734,phoP,1935,2620,VFG,SW6_Bin_00035,Storglaciaren Glacier,,
SW6_Bin_00035,SW6_Bin_00035_000000001108,mtrA,1228,1914,ARG,SW6_Bin_00035,Storglaciaren Glacier,,
SW6_Bin_00035,SW6_Bin_00035_000000000729,RbpA,2422,2739,ARG,SW6_Bin_00035,Storglaciaren Glacier,,
SW6_Bin_00015,SW6_Bin_00015_000000000214,acpXL,5498,5722,VFG,SW6_Bin_00015,Storglaciaren Glacier,,
SW6_Bin_00013,SW6_Bin_00013_000000000208,tnpA,1693,2709,MGE,SW6_Bin_00013,Storglaciaren Glacier,,
SW4_Bin_00071,SW4_Bin_00071_000000000323,pilG,208,546,VFG,SW4_Bin_00071,Storglaciaren Glacier,,
SW4_Bin_00071,SW4_Bin_00071_000000000050,IS91,124,442,MGE,SW4_Bin_00071,Storglaciaren Glacier,,
SW4_Bin_00057,SW4_Bin_00057_000000000507,IS91,1349,1709,MGE,SW4_Bin_00057,Storglaciaren Glacier,,
SW4_Bin_00056,SW4_Bin_00056_000000000390,pilG,2212,2547,VFG,SW4_Bin_00056,Storglaciaren Glacier,,
SW4_Bin_00056,SW4_Bin_00056_000000000286,tnpA,138,1352,MGE,SW4_Bin_00056,Storglaciaren Glacier,,
SW4_Bin_00045,SW4_Bin_00045_000000000237,icl,2008,3292,VFG,SW4_Bin_00045,Storglaciaren Glacier,,
SW4_Bin_00045,SW4_Bin_00045_000000000849,esxN,2310,2592,VFG,SW4_Bin_00045,Storglaciaren Glacier,,
SW4_Bin_00045,SW4_Bin_00045_000000000710,eccCb5,760,3549,VFG,SW4_Bin_00045,Storglaciaren Glacier,,
SW4_Bin_00045,SW4_Bin_00045_000000000282,fbpA,4269,5246,VFG,SW4_Bin_00045,Storglaciaren Glacier,,
SW4_Bin_00045,SW4_Bin_00045_000000000759,esxG,1135,1406,VFG,SW4_Bin_00045,Storglaciaren Glacier,,
SW4_Bin_00045,SW4_Bin_00045_000000000190,hbhA,2508,3021,VFG,SW4_Bin_00045,Storglaciaren Glacier,,
SW4_Bin_00045,SW4_Bin_00045_000000000762,mtrA,231,917,ARG,SW4_Bin_00045,Storglaciaren Glacier,,
SW4_Bin_00041,SW4_Bin_00041_000000000216,IS91,580,903,MGE,SW4_Bin_00041,Storglaciaren Glacier,,
SW4_Bin_00041,SW4_Bin_00041_000000000360,IS91,1384,1655,MGE,SW4_Bin_00041,Storglaciaren Glacier,,
SW4_Bin_00040,SW4_Bin_00040_000000000639,dfrB3,6325,6537,ARG,SW4_Bin_00040,Storglaciaren Glacier,,
SW3_Bin_00113,SW3_Bin_00113_000000000553,IS91,1203,1465,MGE,SW3_Bin_00113,Storglaciaren Glacier,,
SW3_Bin_00113,SW3_Bin_00113_000000000894,tnpA,1144,1331,MGE,SW3_Bin_00113,Storglaciaren Glacier,,
SW3_Bin_00059,SW3_Bin_00059_000000000327,int3,2039,2243,MGE,SW3_Bin_00059,Storglaciaren Glacier,,
SW3_Bin_00042,SW3_Bin_00042_000000000979,IS91,886,1150,MGE,SW3_Bin_00042,Storglaciaren Glacier,,
SW3_Bin_00015,SW3_Bin_00015_000000000404,IS91,259,488,MGE,SW3_Bin_00015,Storglaciaren Glacier,,
SW3_Bin_00014,SW3_Bin_00014_000000000519,acpXL,4190,4395,VFG,SW3_Bin_00014,Storglaciaren Glacier,,
SW3_Bin_00014,SW3_Bin_00014_000000000743,IS91,608,982,MGE,SW3_Bin_00014,Storglaciaren Glacier,,
SW3_Bin_00008,SW3_Bin_00008_000000000237,IS91,70,334,MGE,SW3_Bin_00008,Storglaciaren Glacier,,
SW2_Bin_00021,SW2_Bin_00021_000000000207,tnpA,164,1461,MGE,SW2_Bin_00021,Storglaciaren Glacier,,
SW2_Bin_00013,SW2_Bin_00013_000000000292,pilG,2550,2885,VFG,SW2_Bin_00013,Storglaciaren Glacier,,
SW1_Bin_00036,SW1_Bin_00036_000000000276,acpXL,3668,3865,VFG,SW1_Bin_00036,Storglaciaren Glacier,,
SW1_Bin_00028,SW1_Bin_00028_000000000009,acpXL,2435,2632,VFG,SW1_Bin_00028,Storglaciaren Glacier,,
SW1_Bin_00028,SW1_Bin_00028_000000000345,IS91,3274,3538,MGE,SW1_Bin_00028,Storglaciaren Glacier,,
SW1_Bin_00024,SW1_Bin_00024_000000000197,IS91,163,486,MGE,SW1_Bin_00024,Storglaciaren Glacier,,
SW1_Bin_00018,SW1_Bin_00018_000000000088,acpXL,17060,17312,VFG,SW1_Bin_00018,Storglaciaren Glacier,,
SW1_Bin_00004,SW1_Bin_00004_000000000187,acpXL,23035,23255,VFG,SW1_Bin_00004,Storglaciaren Glacier,,
SW1_Bin_00002,SW1_Bin_00002_000000000060,IS91,302,635,MGE,SW1_Bin_00002,Storglaciaren Glacier,,
SW1_Bin_00002,SW1_Bin_00002_000000000130,IS91,5307,5649,MGE,SW1_Bin_00002,Storglaciaren Glacier,,
SW1_Bin_00002,SW1_Bin_00002_000000000149,IS91,3211,3545,MGE,SW1_Bin_00002,Storglaciaren Glacier,,
SV9_Bin_00006,SV9_Bin_00006_000000000189,tnpA,217,404,MGE,SV9_Bin_00006,Midtre Lovenbreen,,
SV8_Bin_00003,SV8_Bin_00003_000000000207,acpXL,387,580,VFG,SV8_Bin_00003,Midtre Lovenbreen,,
SV7_Bin_00008,SV7_Bin_00008_000000000751,tnpA,241,600,MGE,SV7_Bin_00008,Midtre Lovenbreen,,
SV7_Bin_00001,SV7_Bin_00001_000000000134,acpXL,4520,4717,VFG,SV7_Bin_00001,Midtre Lovenbreen,,
ML3_Bin_00049,ML3_Bin_00049_000000000262,acpXL,529,719,VFG,ML3_Bin_00049,Midtre Lovenbreen,,
ML2_Bin_00012,ML2_Bin_00012_000000000028,fliA,315,988,VFG,ML2_Bin_00012,Midtre Lovenbreen,,
ML2_Bin_00010,ML2_Bin_00010_000000000200,fliG,1680,2676,VFG,ML2_Bin_00010,Midtre Lovenbreen,,
ML2_Bin_00010,ML2_Bin_00010_000000000363,flgH,337,979,VFG,ML2_Bin_00010,Midtre Lovenbreen,,
ML2_Bin_00010,ML2_Bin_00010_000000000507,IS91,8641,8964,MGE,ML2_Bin_00010,Midtre Lovenbreen,,
ML1_Bin_00062,ML1_Bin_00062_000000000364,acpXL,5,241,VFG,ML1_Bin_00062,Midtre Lovenbreen,,
ML1_Bin_00052,ML1_Bin_00052_000000000439,hsiC1/vipB,18961,20392,VFG,ML1_Bin_00052,Midtre Lovenbreen,,
ML1_Bin_00050,ML1_Bin_00050_000000000738,algU,1240,1821,VFG,ML1_Bin_00050,Midtre Lovenbreen,,
ML1_Bin_00050,ML1_Bin_00050_000000000443,flgI,1749,2856,VFG,ML1_Bin_00050,Midtre Lovenbreen,,
ML1_Bin_00050,ML1_Bin_00050_000000000731,pilT,32,1062,VFG,ML1_Bin_00050,Midtre Lovenbreen,,
ML1_Bin_00050,ML1_Bin_00050_000000000427,waaF,53,1087,VFG,ML1_Bin_00050,Midtre Lovenbreen,,
ML1_Bin_00050,ML1_Bin_00050_000000000258,flhA,5607,7678,VFG,ML1_Bin_00050,Midtre Lovenbreen,,
ML1_Bin_00050,ML1_Bin_00050_000000000443,flgG,3685,4445,VFG,ML1_Bin_00050,Midtre Lovenbreen,,
ML1_Bin_00050,ML1_Bin_00050_000000000258,fleN,3308,4120,VFG,ML1_Bin_00050,Midtre Lovenbreen,,
ML1_Bin_00050,ML1_Bin_00050_000000000118,alg8,14823,16210,VFG,ML1_Bin_00050,Midtre Lovenbreen,,
ML1_Bin_00050,ML1_Bin_00050_000000000443,flgH,2870,3493,VFG,ML1_Bin_00050,Midtre Lovenbreen,,
ML1_Bin_00050,ML1_Bin_00050_000000000118,algI,4899,6182,VFG,ML1_Bin_00050,Midtre Lovenbreen,,
ML1_Bin_00050,ML1_Bin_00050_000000000199,bacA,1,693,ARG,ML1_Bin_00050,Midtre Lovenbreen,,
ML1_Bin_00050,ML1_Bin_00050_000000000266,MexB,1665,4735,ARG,ML1_Bin_00050,Midtre Lovenbreen,,
ML1_Bin_00035,ML1_Bin_00035_000000000271,tnpA,1406,1593,MGE,ML1_Bin_00035,Midtre Lovenbreen,,
ML1_Bin_00027,ML1_Bin_00027_000000000780,acpXL,2149,2373,VFG,ML1_Bin_00027,Midtre Lovenbreen,,
ML1_Bin_00017,ML1_Bin_00017_000000001052,ideR,1,662,VFG,ML1_Bin_00017,Midtre Lovenbreen,,
ML1_Bin_00017,ML1_Bin_00017_000000001086,relA,8691,10930,VFG,ML1_Bin_00017,Midtre Lovenbreen,,
ML1_Bin_00017,ML1_Bin_00017_000000000134,mtrA,1722,2408,ARG,ML1_Bin_00017,Midtre Lovenbreen,,
ML1_Bin_00017,ML1_Bin_00017_000000000249,RbpA,1584,1915,ARG,ML1_Bin_00017,Midtre Lovenbreen,,
ML1_Bin_00013,ML1_Bin_00013_000000000898,phoP,2203,2892,VFG,ML1_Bin_00013,Midtre Lovenbreen,,
ML1_Bin_00013,ML1_Bin_00013_000000000293,relA,5,2130,VFG,ML1_Bin_00013,Midtre Lovenbreen,,
ML1_Bin_00013,ML1_Bin_00013_000000000590,RbpA,1778,2098,ARG,ML1_Bin_00013,Midtre Lovenbreen,,
ML1_Bin_00005,ML1_Bin_00005_000000000008,CPS-1,166220,167095,ARG,ML1_Bin_00005,Midtre Lovenbreen,,
JACDHF000000000,JACDHF000000000.167/1,IS91,293,637,MGE,JACDHF000000000,Mackay Glacier region,,
JACDGR000000000,JACDGR000000000.468/1,vanRO,1511,2165,ARG,JACDGR000000000,Mackay Glacier region,,
JACDGM000000000,JACDGM000000000.166/1,tnpA,3020,4288,MGE,JACDGM000000000,Mackay Glacier region,,
JACDGF000000000,JACDGF000000000.18/1,IS91,11303,11641,MGE,JACDGF000000000,Mackay Glacier region,,
JACDFW000000000,JACDFW000000000.59/1,tnpA,773,2075,MGE,JACDFW000000000,Mackay Glacier region,,
JACDFW000000000,JACDFW000000000.675/1,tnpA,1178,2256,MGE,JACDFW000000000,Mackay Glacier region,,
JACDEB000000000,JACDEB000000000.107/1,IS91,2282,2539,MGE,JACDEB000000000,Mackay Glacier region,,
JACDEB000000000,JACDEB000000000.3/1,IS91,65732,66010,MGE,JACDEB000000000,Mackay Glacier region,,
JACDDG000000000,JACDDG000000000.88/1,tet(49),483,1633,ARG,JACDDG000000000,Mackay Glacier region,,
JACDDE000000000,JACDDE000000000.400/1,IS91,1576,1899,MGE,JACDDE000000000,Mackay Glacier region,,
JACDDD000000000,JACDDD000000000.64/1,tnpA,2452,3576,MGE,JACDDD000000000,Mackay Glacier region,,
JACDCX000000000,JACDCX000000000.290/1,IS91,1919,2293,MGE,JACDCX000000000,Mackay Glacier region,,
JACDCX000000000,JACDCX000000000.374/1,istB,1631,2357,MGE,JACDCX000000000,Mackay Glacier region,,
JACDCU000000000,JACDCU000000000.40/1,IS91,11962,12285,MGE,JACDCU000000000,Mackay Glacier region,,
JACDCU000000000,JACDCU000000000.540/1,istB,1555,2290,MGE,JACDCU000000000,Mackay Glacier region,,
JACDBJ000000000,JACDBJ000000000.307/1,rpoB2,14889,18272,ARG,JACDBJ000000000,Mackay Glacier region,,
JACDBJ000000000,JACDBJ000000000.493/1,tnpA,1259,1538,MGE,JACDBJ000000000,Mackay Glacier region,,
JACDBA000000000,JACDBA000000000.37/1,rpoB2,1316,4719,ARG,JACDBA000000000,Mackay Glacier region,,
JACDAQ000000000,JACDAQ000000000.53/1,Tet(47),2973,4137,ARG,JACDAQ000000000,Mackay Glacier region,,
JACDAG000000000,JACDAG000000000.667/1,acpXL,1574,1826,VFG,JACDAG000000000,Mackay Glacier region,,
JACCZQ000000000,JACCZQ000000000.179/1,istB,1616,2368,MGE,JACCZQ000000000,Mackay Glacier region,,
JACCZQ000000000,JACCZQ000000000.220/1,tnpA,2155,2533,MGE,JACCZQ000000000,Mackay Glacier region,,
JACCXT000000000,JACCXT000000000.17/1,tnpA,1,1139,MGE,JACCXT000000000,Mackay Glacier region,,
JACCXK000000000,JACCXK000000000.197/1,acpXL,715,941,VFG,JACCXK000000000,Mackay Glacier region,,
JACCWP000000000,JACCWP000000000.186/1,tnpA,8511,9694,MGE,JACCWP000000000,Mackay Glacier region,,
JACCWN000000000,JACCWN000000000.164/1,htpB,2867,4520,VFG,JACCWN000000000,Mackay Glacier region,,
JACCWK000000000,JACCWK000000000.14/1,tnpA,161,3112,MGE,JACCWK000000000,Mackay Glacier region,,
JACCWK000000000,JACCWK000000000.14/1,tnpA,3362,3693,MGE,JACCWK000000000,Mackay Glacier region,,
JACCWI000000000,JACCWI000000000.23/1,htpB,29013,30649,VFG,JACCWI000000000,Mackay Glacier region,,
JACCWG000000000,JACCWG000000000.109/1,tnpA,5435,6641,MGE,JACCWG000000000,Mackay Glacier region,,
JACCVV000000000,JACCVV000000000.20/1,htpB,23992,25630,VFG,JACCVV000000000,Mackay Glacier region,,
JACCVP000000000,JACCVP000000000.44/1,tnpA,326,1623,MGE,JACCVP000000000,Mackay Glacier region,,
JACCVN000000000,JACCVN000000000.126/1,tet(53),2386,3549,ARG,JACCVN000000000,Mackay Glacier region,,
JACCVA000000000,JACCVA000000000.383/1,tnpA,403,1694,MGE,JACCVA000000000,Mackay Glacier region,,
JACCTP000000000,JACCTP000000000.394/1,IS91,1442,1786,MGE,JACCTP000000000,Mackay Glacier region,,
JACCTM000000000,JACCTM000000000.130/1,tnpA,44,323,MGE,JACCTM000000000,Mackay Glacier region,,
JACCSX000000000,JACCSX000000000.76/1,htpB,4922,6521,VFG,JACCSX000000000,Mackay Glacier region,,
JACCSX000000000,JACCSX000000000.305/1,OXA-29,558,1358,ARG,JACCSX000000000,Mackay Glacier region,,
JACCSX000000000,JACCSX000000000.179/1,tnpA,4095,4361,MGE,JACCSX000000000,Mackay Glacier region,,
JACCSN000000000,JACCSN000000000.324/1,acpXL,1073,1264,VFG,JACCSN000000000,Mackay Glacier region,,
JACCRY000000000,JACCRY000000000.27/1,Tet(47),3021,4197,ARG,JACCRY000000000,Mackay Glacier region,,
JACCRO000000000,JACCRO000000000.709/1,acpXL,5504,5740,VFG,JACCRO000000000,Mackay Glacier region,,
JACCRO000000000,JACCRO000000000.467/1,acpXL,767,1038,VFG,JACCRO000000000,Mackay Glacier region,,
JACCQT000000000,JACCQT000000000.198/1,tnpA,366,547,MGE,JACCQT000000000,Mackay Glacier region,,
G8_Bin_00006,G8_Bin_00006_000000000700,icl,732,2018,VFG,G8_Bin_00006,,,
G8_Bin_00006,G8_Bin_00006_000000000736,phoP,703,1385,VFG,G8_Bin_00006,,,
G8_Bin_00006,G8_Bin_00006_000000000695,mtrA,1,612,ARG,G8_Bin_00006,Russell Glacier,,
G8_Bin_00006,G8_Bin_00006_000000001257,RbpA,901,1232,ARG,G8_Bin_00006,Russell Glacier,,
G8_Bin_00005,G8_Bin_00005_000000000756,acpXL,1012,1217,VFG,G8_Bin_00005,,,
G7_Bin_00010,G7_Bin_00010_000000001352,icl,219,1505,VFG,G7_Bin_00010,,,
G7_Bin_00010,G7_Bin_00010_000000000839,relA,123,2341,VFG,G7_Bin_00010,,,
G7_Bin_00010,G7_Bin_00010_000000000849,phoP,2721,3403,VFG,G7_Bin_00010,,,
G7_Bin_00010,G7_Bin_00010_000000000426,mtrA,1276,1962,ARG,G7_Bin_00010,Russell Glacier,,
G7_Bin_00010,G7_Bin_00010_000000001172,RbpA,814,1147,ARG,G7_Bin_00010,Russell Glacier,,
G7_Bin_00002,G7_Bin_00002_000000000118,esxH,15137,15427,VFG,G7_Bin_00002,,,
G7_Bin_00002,G7_Bin_00002_000000000104,icl,4195,5479,VFG,G7_Bin_00002,,,
G7_Bin_00002,G7_Bin_00002_000000000059,eccCa5,11609,12916,VFG,G7_Bin_00002,,,
G7_Bin_00002,G7_Bin_00002_000000000059,eccCb5,8733,11528,VFG,G7_Bin_00002,,,
G7_Bin_00002,G7_Bin_00002_000000000052,esxM,18700,18994,VFG,G7_Bin_00002,,,
G7_Bin_00002,G7_Bin_00002_000000000042,fbpA,7006,8010,VFG,G7_Bin_00002,,,
G7_Bin_00002,G7_Bin_00002_000000000218,hbhA,2444,3039,VFG,G7_Bin_00002,,,
G7_Bin_00002,G7_Bin_00002_000000000059,esxM,230,517,VFG,G7_Bin_00002,,,
G7_Bin_00002,G7_Bin_00002_000000000252,relA,12618,14873,VFG,G7_Bin_00002,,,
G7_Bin_00002,G7_Bin_00002_000000000136,mbtG,14650,15871,VFG,G7_Bin_00002,,,
G7_Bin_00002,G7_Bin_00002_000000000338,phoP,2391,3078,VFG,G7_Bin_00002,,,
G7_Bin_00002,G7_Bin_00002_000000000118,esxG,14813,15084,VFG,G7_Bin_00002,,,
G7_Bin_00002,G7_Bin_00002_000000000295,fbpC,6935,7855,VFG,G7_Bin_00002,,,
G7_Bin_00002,G7_Bin_00002_000000000097,mtrA,28744,29430,ARG,G7_Bin_00002,Russell Glacier,,
G7_Bin_00002,G7_Bin_00002_000000000003,RbpA,35052,35367,ARG,G7_Bin_00002,Russell Glacier,,
G6_Bin_00041,G6_Bin_00041_000000000275,hsiC1/vipB,300,1714,VFG,G6_Bin_00041,,,
G6_Bin_00024,G6_Bin_00024_000000000328,pilG,11605,11943,VFG,G6_Bin_00024,,,
G6_Bin_00005,G6_Bin_00005_000000000213,acpXL,5295,5575,VFG,G6_Bin_00005,,,
G3_Bin_00050,G3_Bin_00050_000000000101,IS91,559,854,MGE,G3_Bin_00050,Russell Glacier,,
G3_Bin_00023,G3_Bin_00023_000000000253,vanO,820,1518,ARG,G3_Bin_00023,Russell Glacier,,
G3_Bin_00023,G3_Bin_00023_000000000265,tnpA,1796,2075,MGE,G3_Bin_00023,Russell Glacier,,
G2_Bin_00020,G2_Bin_00020_000000000056,IS91,1209,2373,MGE,G2_Bin_00020,Russell Glacier,,
G2_Bin_00003,G2_Bin_00003_000000000093,acpXL,14680,14951,VFG,G2_Bin_00003,,,
G1_Bin_00080,G1_Bin_00080_000000000076,IS91,567,830,MGE,G1_Bin_00080,Russell Glacier,,
G1_Bin_00080,G1_Bin_00080_000000000579,IS91,439,656,MGE,G1_Bin_00080,Russell Glacier,,
G1_Bin_00080,G1_Bin_00080_000000000397,istA3,318,1811,MGE,G1_Bin_00080,Russell Glacier,,
G1_Bin_00080,G1_Bin_00080_000000000014,istB1,1744,2514,MGE,G1_Bin_00080,Russell Glacier,,
G1_Bin_00080,G1_Bin_00080_000000000397,istB1,1842,2615,MGE,G1_Bin_00080,Russell Glacier,,
G1_Bin_00079,G1_Bin_00079_000000000380,tnpA,5,2344,MGE,G1_Bin_00079,Russell Glacier,,
G1_Bin_00076,G1_Bin_00076_000000000132,IS91,3256,3642,MGE,G1_Bin_00076,Russell Glacier,,
G1_Bin_00053,G1_Bin_00053_000000000169,hsiB1/vipA,1688,2179,VFG,G1_Bin_00053,,,
G1_Bin_00053,G1_Bin_00053_000000000195,hsiB1/vipA,1980,2429,VFG,G1_Bin_00053,,,
G1_Bin_00050,G1_Bin_00050_000000000690,tnpA,1231,1608,MGE,G1_Bin_00050,Russell Glacier,,
G1_Bin_00045,G1_Bin_00045_000000000130,istB1,1519,2275,MGE,G1_Bin_00045,Russell Glacier,,
G1_Bin_00044,G1_Bin_00044_000000000297,IS91,617,940,MGE,G1_Bin_00044,Russell Glacier,,
G1_Bin_00044,G1_Bin_00044_000000000097,istB1,434,1200,MGE,G1_Bin_00044,Russell Glacier,,
G1_Bin_00035,G1_Bin_00035_000000000002,acpXL,3114,3334,VFG,G1_Bin_00035,,,
G1_Bin_00029,G1_Bin_00029_000000000057,istB1,3987,4666,MGE,G1_Bin_00029,Russell Glacier,,
G1_Bin_00019,G1_Bin_00019_000000000128,IS91,199,543,MGE,G1_Bin_00019,Russell Glacier,,
G1_Bin_00019,G1_Bin_00019_000000000281,IS91,5010,5288,MGE,G1_Bin_00019,Russell Glacier,,
G1_Bin_00015,G1_Bin_00015_000000000013,int3,1877,2610,MGE,G1_Bin_00015,Russell Glacier,,
G1_Bin_00015,G1_Bin_00015_000000000086,IS91,240,583,MGE,G1_Bin_00015,Russell Glacier,,
G1_Bin_00011,G1_Bin_00011_000000000162,acpXL,4889,5086,VFG,G1_Bin_00011,,,
G1_Bin_00011,G1_Bin_00011_000000000072,IS91,3839,4859,MGE,G1_Bin_00011,Russell Glacier,,
G1_Bin_00011,G1_Bin_00011_000000000181,IS91,7992,8239,MGE,G1_Bin_00011,Russell Glacier,,
G1_Bin_00004,G1_Bin_00004_000000000139,IS91,27243,27595,MGE,G1_Bin_00004,Russell Glacier,,
G1_Bin_00004,G1_Bin_00004_000000000348,IS91,994,1320,MGE,G1_Bin_00004,Russell Glacier,,
