﻿ContigID,GeneID,Gene,Start,End,Type,Data 
SW6_Bin_00035,SW6_Bin_00035_000000000734,phoP,1935,2620,VFG,Storglaciaren Glacier
SW6_Bin_00035,SW6_Bin_00035_000000001108,mtrA,1228,1914,ARG,Storglaciaren Glacier
SW6_Bin_00035,SW6_Bin_00035_000000000729,RbpA,2422,2739,ARG,Storglaciaren Glacier
SW4_Bin_00045,SW4_Bin_00045_000000000237,icl,2008,3292,VFG,Storglaciaren Glacier
SW4_Bin_00045,SW4_Bin_00045_000000000849,esxN,2310,2592,VFG,Storglaciaren Glacier
SW4_Bin_00045,SW4_Bin_00045_000000000710,eccCb5,760,3549,VFG,Storglaciaren Glacier
SW4_Bin_00045,SW4_Bin_00045_000000000282,fbpA,4269,5246,VFG,Storglaciaren Glacier
SW4_Bin_00045,SW4_Bin_00045_000000000759,esxG,1135,1406,VFG,Storglaciaren Glacier
SW4_Bin_00045,SW4_Bin_00045_000000000190,hbhA,2508,3021,VFG,Storglaciaren Glacier
SW4_Bin_00045,SW4_Bin_00045_000000000762,mtrA,231,917,ARG,Storglaciaren Glacier
ML1_Bin_00050,ML1_Bin_00050_000000000738,algU,1240,1821,VFG,Midtre Lovenbreen
ML1_Bin_00050,ML1_Bin_00050_000000000443,flgI,1749,2856,VFG,Midtre Lovenbreen
ML1_Bin_00050,ML1_Bin_00050_000000000731,pilT,32,1062,VFG,Midtre Lovenbreen
ML1_Bin_00050,ML1_Bin_00050_000000000427,waaF,53,1087,VFG,Midtre Lovenbreen
ML1_Bin_00050,ML1_Bin_00050_000000000258,flhA,5607,7678,VFG,Midtre Lovenbreen
ML1_Bin_00050,ML1_Bin_00050_000000000443,flgG,3685,4445,VFG,Midtre Lovenbreen
ML1_Bin_00050,ML1_Bin_00050_000000000258,fleN,3308,4120,VFG,Midtre Lovenbreen
ML1_Bin_00050,ML1_Bin_00050_000000000118,alg8,14823,16210,VFG,Midtre Lovenbreen
ML1_Bin_00050,ML1_Bin_00050_000000000443,flgH,2870,3493,VFG,Midtre Lovenbreen
ML1_Bin_00050,ML1_Bin_00050_000000000118,algI,4899,6182,VFG,Midtre Lovenbreen
ML1_Bin_00050,ML1_Bin_00050_000000000199,bacA,1,693,ARG,Midtre Lovenbreen
ML1_Bin_00050,ML1_Bin_00050_000000000266,MexB,1665,4735,ARG,Midtre Lovenbreen
ML1_Bin_00017,ML1_Bin_00017_000000001052,ideR,1,662,VFG,Midtre Lovenbreen
ML1_Bin_00017,ML1_Bin_00017_000000001086,relA,8691,10930,VFG,Midtre Lovenbreen
ML1_Bin_00017,ML1_Bin_00017_000000000134,mtrA,1722,2408,ARG,Midtre Lovenbreen
ML1_Bin_00017,ML1_Bin_00017_000000000249,RbpA,1584,1915,ARG,Midtre Lovenbreen
ML1_Bin_00013,ML1_Bin_00013_000000000898,phoP,2203,2892,VFG,Midtre Lovenbreen
ML1_Bin_00013,ML1_Bin_00013_000000000293,relA,5,2130,VFG,Midtre Lovenbreen
ML1_Bin_00013,ML1_Bin_00013_000000000590,RbpA,1778,2098,ARG,Midtre Lovenbreen
JACCSX000000000,JACCSX000000000.76/1,htpB,4922,6521,VFG,Mackay Glacier region
JACCSX000000000,JACCSX000000000.305/1,OXA-29,558,1358,ARG,Mackay Glacier region
JACCSX000000000,JACCSX000000000.179/1,tnpA,4095,4361,MGE,Mackay Glacier region
JACCRY000000000,JACCRY000000000.27/1,Tet(47),3021,4197,ARG,Mackay Glacier region
JACCRO000000000,JACCRO000000000.709/1,acpXL,5504,5740,VFG,Mackay Glacier region
JACCRO000000000,JACCRO000000000.467/1,acpXL,767,1038,VFG,Mackay Glacier region
G8_Bin_00006,G8_Bin_00006_000000000700,icl,732,2018,VFG,Russell Glacier
G8_Bin_00006,G8_Bin_00006_000000000736,phoP,703,1385,VFG,Russell Glacier
G8_Bin_00006,G8_Bin_00006_000000000695,mtrA,1,612,ARG,Russell Glacier
G8_Bin_00006,G8_Bin_00006_000000001257,RbpA,901,1232,ARG,Russell Glacier
G7_Bin_00010,G7_Bin_00010_000000000839,relA,123,2341,VFG,Russell Glacier
G7_Bin_00010,G7_Bin_00010_000000000849,phoP,2721,3403,VFG,Russell Glacier
G7_Bin_00010,G7_Bin_00010_000000000426,mtrA,1276,1962,ARG,Russell Glacier
G7_Bin_00010,G7_Bin_00010_000000001172,RbpA,814,1147,ARG,Russell Glacier
G7_Bin_00002,G7_Bin_00002_000000000118,esxH,15137,15427,VFG,Russell Glacier
G7_Bin_00002,G7_Bin_00002_000000000104,icl,4195,5479,VFG,Russell Glacier
G7_Bin_00002,G7_Bin_00002_000000000059,eccCa5,11609,12916,VFG,Russell Glacier
G7_Bin_00002,G7_Bin_00002_000000000059,eccCb5,8733,11528,VFG,Russell Glacier
G7_Bin_00002,G7_Bin_00002_000000000052,esxM,18700,18994,VFG,Russell Glacier
G7_Bin_00002,G7_Bin_00002_000000000042,fbpA,7006,8010,VFG,Russell Glacier
G7_Bin_00002,G7_Bin_00002_000000000218,hbhA,2444,3039,VFG,Russell Glacier
G7_Bin_00002,G7_Bin_00002_000000000059,esxM,230,517,VFG,Russell Glacier
G7_Bin_00002,G7_Bin_00002_000000000252,relA,12618,14873,VFG,Russell Glacier
G7_Bin_00002,G7_Bin_00002_000000000136,mbtG,14650,15871,VFG,Russell Glacier
G7_Bin_00002,G7_Bin_00002_000000000338,phoP,2391,3078,VFG,Russell Glacier
G7_Bin_00002,G7_Bin_00002_000000000118,esxG,14813,15084,VFG,Russell Glacier
G7_Bin_00002,G7_Bin_00002_000000000295,fbpC,6935,7855,VFG,Russell Glacier
G7_Bin_00002,G7_Bin_00002_000000000097,mtrA,28744,29430,ARG,Russell Glacier
G7_Bin_00002,G7_Bin_00002_000000000003,RbpA,35052,35367,ARG,Russell Glacier
