﻿ContigID,GeneID,Gene,Start,End,Type,Data ,Location
G1_Bin_00004,G1_Bin_00004_000000000139,IS91,27243,27595,MGE,Insertion Sequence,Russell Glacier
G1_Bin_00004,G1_Bin_00004_000000000348,IS91,994,1320,MGE,Insertion Sequence,Russell Glacier
G1_Bin_00011,G1_Bin_00011_000000000072,IS91,3839,4859,MGE,Insertion Sequence,Russell Glacier
G1_Bin_00011,G1_Bin_00011_000000000181,IS91,7992,8239,MGE,Insertion Sequence,Russell Glacier
G1_Bin_00015,G1_Bin_00015_000000000013,int3,1877,2610,MGE,Integrons,Russell Glacier
G1_Bin_00015,G1_Bin_00015_000000000086,IS91,240,583,MGE,Insertion Sequence,Russell Glacier
G1_Bin_00019,G1_Bin_00019_000000000128,IS91,199,543,MGE,Insertion Sequence,Russell Glacier
G1_Bin_00019,G1_Bin_00019_000000000281,IS91,5010,5288,MGE,Insertion Sequence,Russell Glacier
G1_Bin_00029,G1_Bin_00029_000000000057,istB1,3987,4666,MGE,IS Related,Russell Glacier
G1_Bin_00044,G1_Bin_00044_000000000297,IS91,617,940,MGE,Insertion Sequence,Russell Glacier
G1_Bin_00044,G1_Bin_00044_000000000097,istB1,434,1200,MGE,IS Related,Russell Glacier
G1_Bin_00045,G1_Bin_00045_000000000130,istB1,1519,2275,MGE,IS Related,Russell Glacier
G1_Bin_00050,G1_Bin_00050_000000000690,tnpA,1231,1608,MGE,Transposase,Russell Glacier
G1_Bin_00076,G1_Bin_00076_000000000132,IS91,3256,3642,MGE,Insertion Sequence,Russell Glacier
G1_Bin_00079,G1_Bin_00079_000000000380,tnpA,5,2344,MGE,Transposase,Russell Glacier
G1_Bin_00080,G1_Bin_00080_000000000076,IS91,567,830,MGE,Insertion Sequence,Russell Glacier
G1_Bin_00080,G1_Bin_00080_000000000579,IS91,439,656,MGE,Insertion Sequence,Russell Glacier
G1_Bin_00080,G1_Bin_00080_000000000397,istA3,318,1811,MGE,IS Related,Russell Glacier
G1_Bin_00080,G1_Bin_00080_000000000014,istB1,1744,2514,MGE,IS Related,Russell Glacier
G1_Bin_00080,G1_Bin_00080_000000000397,istB1,1842,2615,MGE,IS Related,Russell Glacier
G2_Bin_00020,G2_Bin_00020_000000000056,IS91,1209,2373,MGE,Insertion Sequence,Russell Glacier
G3_Bin_00023,G3_Bin_00023_000000000253,vanO,820,1518,ARG,Vancomycin,Russell Glacier
G3_Bin_00023,G3_Bin_00023_000000000265,tnpA,1796,2075,MGE,Transposase,Russell Glacier
G3_Bin_00050,G3_Bin_00050_000000000101,IS91,559,854,MGE,Insertion Sequence,Russell Glacier
G7_Bin_00002,G7_Bin_00002_000000000003,RbpA,35052,35367,ARG,Rifamycin,Russell Glacier
G7_Bin_00002,G7_Bin_00002_000000000097,mtrA,28744,29430,ARG,Multidrug,Russell Glacier
G7_Bin_00010,G7_Bin_00010_000000000426,mtrA,1276,1962,ARG,Multidrug,Russell Glacier
G7_Bin_00010,G7_Bin_00010_000000001172,RbpA,814,1147,ARG,Rifamycin,Russell Glacier
G8_Bin_00006,G8_Bin_00006_000000000695,mtrA,1,612,ARG,Multidrug,Russell Glacier
G8_Bin_00006,G8_Bin_00006_000000001257,RbpA,901,1232,ARG,Rifamycin,Russell Glacier
JACCQT000000000,JACCQT000000000.198/1,tnpA,366,547,MGE,Transposase,Mackay Glacier region
JACCRY000000000,JACCRY000000000.27/1,Tet(47),3021,4197,ARG,Tetracycline,Mackay Glacier region
JACCSX000000000,JACCSX000000000.305/1,OXA-29,558,1358,ARG,Beta-Lactam,Mackay Glacier region
JACCSX000000000,JACCSX000000000.179/1,tnpA,4095,4361,MGE,Transposase,Mackay Glacier region
JACCTM000000000,JACCTM000000000.130/1,tnpA,44,323,MGE,Transposase,Mackay Glacier region
JACCTP000000000,JACCTP000000000.394/1,IS91,1442,1786,MGE,Insertion Sequence,Mackay Glacier region
JACCVA000000000,JACCVA000000000.383/1,tnpA,403,1694,MGE,Transposase,Mackay Glacier region
JACCVN000000000,JACCVN000000000.126/1,tet(53),2386,3549,ARG,Tetracycline,Mackay Glacier region
JACCVP000000000,JACCVP000000000.44/1,tnpA,326,1623,MGE,Transposase,Mackay Glacier region
JACCWG000000000,JACCWG000000000.109/1,tnpA,5435,6641,MGE,Transposase,Mackay Glacier region
JACCWK000000000,JACCWK000000000.14/1,tnpA,161,3112,MGE,Transposase,Mackay Glacier region
JACCWK000000000,JACCWK000000000.14/1,tnpA,3362,3693,MGE,Transposase,Mackay Glacier region
JACCWP000000000,JACCWP000000000.186/1,tnpA,8511,9694,MGE,Transposase,Mackay Glacier region
JACCXT000000000,JACCXT000000000.17/1,tnpA,1,1139,MGE,Transposase,Mackay Glacier region
JACCZQ000000000,JACCZQ000000000.179/1,istB,1616,2368,MGE,IS Related,Mackay Glacier region
JACCZQ000000000,JACCZQ000000000.220/1,tnpA,2155,2533,MGE,Transposase,Mackay Glacier region
JACDAQ000000000,JACDAQ000000000.53/1,Tet(47),2973,4137,ARG,Tetracycline,Mackay Glacier region
JACDBA000000000,JACDBA000000000.37/1,rpoB2,1316,4719,ARG,Rifamycin,Mackay Glacier region
JACDBJ000000000,JACDBJ000000000.307/1,rpoB2,14889,18272,ARG,Rifamycin,Mackay Glacier region
JACDBJ000000000,JACDBJ000000000.493/1,tnpA,1259,1538,MGE,Transposase,Mackay Glacier region
JACDCU000000000,JACDCU000000000.40/1,IS91,11962,12285,MGE,Insertion Sequence,Mackay Glacier region
JACDCU000000000,JACDCU000000000.540/1,istB,1555,2290,MGE,IS Related,Mackay Glacier region
JACDCX000000000,JACDCX000000000.290/1,IS91,1919,2293,MGE,Insertion Sequence,Mackay Glacier region
JACDCX000000000,JACDCX000000000.374/1,istB,1631,2357,MGE,IS Related,Mackay Glacier region
JACDDD000000000,JACDDD000000000.64/1,tnpA,2452,3576,MGE,Transposase,Mackay Glacier region
JACDDE000000000,JACDDE000000000.400/1,IS91,1576,1899,MGE,Insertion Sequence,Mackay Glacier region
JACDDG000000000,JACDDG000000000.88/1,tet(49),483,1633,ARG,Tetracycline,Mackay Glacier region
JACDEB000000000,JACDEB000000000.107/1,IS91,2282,2539,MGE,Insertion Sequence,Mackay Glacier region
JACDEB000000000,JACDEB000000000.3/1,IS91,65732,66010,MGE,Insertion Sequence,Mackay Glacier region
JACDFW000000000,JACDFW000000000.59/1,tnpA,773,2075,MGE,Transposase,Mackay Glacier region
JACDFW000000000,JACDFW000000000.675/1,tnpA,1178,2256,MGE,Transposase,Mackay Glacier region
JACDGF000000000,JACDGF000000000.18/1,IS91,11303,11641,MGE,Insertion Sequence,Mackay Glacier region
JACDGM000000000,JACDGM000000000.166/1,tnpA,3020,4288,MGE,Transposase,Mackay Glacier region
JACDGR000000000,JACDGR000000000.468/1,vanRO,1511,2165,ARG,Vancomycin,Mackay Glacier region
JACDHF000000000,JACDHF000000000.167/1,IS91,293,637,MGE,Insertion Sequence,Mackay Glacier region
ML1_Bin_00005,ML1_Bin_00005_000000000008,CPS-1,166220,167095,ARG,Beta-lactam,Midtre Lovenbreen
ML1_Bin_00013,ML1_Bin_00013_000000000590,RbpA,1778,2098,ARG,Rifamycin,Midtre Lovenbreen
ML1_Bin_00017,ML1_Bin_00017_000000000134,mtrA,1722,2408,ARG,Beta-Lactam,Midtre Lovenbreen
ML1_Bin_00017,ML1_Bin_00017_000000000249,RbpA,1584,1915,ARG,Rifamycin,Midtre Lovenbreen
ML1_Bin_00035,ML1_Bin_00035_000000000271,tnpA,1406,1593,MGE,Transposase,Midtre Lovenbreen
ML1_Bin_00050,ML1_Bin_00050_000000000199,bacA,1,693,ARG,bacitracin,Midtre Lovenbreen
ML1_Bin_00050,ML1_Bin_00050_000000000266,MexB,1665,4735,ARG,Multidrug,Midtre Lovenbreen
ML2_Bin_00010,ML2_Bin_00010_000000000507,IS91,8641,8964,MGE,Insertion Sequence,Midtre Lovenbreen
SV7_Bin_00008,SV7_Bin_00008_000000000751,tnpA,241,600,MGE,Transposase,Midtre Lovenbreen
SV9_Bin_00006,SV9_Bin_00006_000000000189,tnpA,217,404,MGE,Transposase,Midtre Lovenbreen
SW1_Bin_00002,SW1_Bin_00002_000000000060,IS91,302,635,MGE,Insertion Sequence,Storglaciaren Glacier
SW1_Bin_00002,SW1_Bin_00002_000000000130,IS91,5307,5649,MGE,Insertion Sequence,Storglaciaren Glacier
SW1_Bin_00002,SW1_Bin_00002_000000000149,IS91,3211,3545,MGE,Insertion Sequence,Storglaciaren Glacier
SW1_Bin_00024,SW1_Bin_00024_000000000197,IS91,163,486,MGE,Insertion Sequence,Storglaciaren Glacier
SW1_Bin_00028,SW1_Bin_00028_000000000345,IS91,3274,3538,MGE,Insertion Sequence,Storglaciaren Glacier
SW2_Bin_00021,SW2_Bin_00021_000000000207,tnpA,164,1461,MGE,Transposase,Storglaciaren Glacier
SW3_Bin_00008,SW3_Bin_00008_000000000237,IS91,70,334,MGE,Insertion Sequence,Storglaciaren Glacier
SW3_Bin_00014,SW3_Bin_00014_000000000743,IS91,608,982,MGE,Insertion Sequence,Storglaciaren Glacier
SW3_Bin_00015,SW3_Bin_00015_000000000404,IS91,259,488,MGE,Insertion Sequence,Storglaciaren Glacier
SW3_Bin_00042,SW3_Bin_00042_000000000979,IS91,886,1150,MGE,Insertion Sequence,Storglaciaren Glacier
SW3_Bin_00059,SW3_Bin_00059_000000000327,int3,2039,2243,MGE,Integrons,Storglaciaren Glacier
SW3_Bin_00113,SW3_Bin_00113_000000000553,IS91,1203,1465,MGE,Insertion Sequence,Storglaciaren Glacier
SW3_Bin_00113,SW3_Bin_00113_000000000894,tnpA,1144,1331,MGE,Transposase,Storglaciaren Glacier
SW4_Bin_00040,SW4_Bin_00040_000000000639,dfrB3,6325,6537,ARG,Trimethoprim,Storglaciaren Glacier
SW4_Bin_00041,SW4_Bin_00041_000000000216,IS91,580,903,MGE,Insertion Sequence,Storglaciaren Glacier
SW4_Bin_00041,SW4_Bin_00041_000000000360,IS91,1384,1655,MGE,Insertion Sequence,Storglaciaren Glacier
SW4_Bin_00045,SW4_Bin_00045_000000000762,mtrA,231,917,ARG,Multidrug,Storglaciaren Glacier
SW4_Bin_00056,SW4_Bin_00056_000000000286,tnpA,138,1352,MGE,Transposase,Storglaciaren Glacier
SW4_Bin_00057,SW4_Bin_00057_000000000507,IS91,1349,1709,MGE,Insertion Sequence,Storglaciaren Glacier
SW4_Bin_00071,SW4_Bin_00071_000000000050,IS91,124,442,MGE,Insertion Sequence,Storglaciaren Glacier
SW6_Bin_00013,SW6_Bin_00013_000000000208,tnpA,1693,2709,MGE,Transposase,Storglaciaren Glacier
SW6_Bin_00035,SW6_Bin_00035_000000000729,RbpA,2422,2739,ARG,rifamycin,Storglaciaren Glacier
SW6_Bin_00035,SW6_Bin_00035_000000001108,mtrA,1228,1914,ARG,multidrug,Storglaciaren Glacier
SW6_Bin_00048,SW6_Bin_00048_000000000565,IS91,309,622,MGE,Insertion Sequence,Storglaciaren Glacier
