﻿ContigID,GeneID,Gene,Start,End,Type,Data 
SW4_Bin_00071.fa,SW4_Bin_00071_000000000323,pilG,208,546,VFG,Storglaciaren Glacier
SW4_Bin_00071,SW4_Bin_00071_000000000050,IS91,124,442,MGE,Storglaciaren Glacier
SW4_Bin_00056.fa,SW4_Bin_00056_000000000390,pilG,2212,2547,VFG,Storglaciaren Glacier
SW4_Bin_00056,SW4_Bin_00056_000000000286,tnpA,138,1352,MGE,Storglaciaren Glacier
SW3_Bin_00014.fa,SW3_Bin_00014_000000000519,acpXL,4190,4395,VFG,Storglaciaren Glacier
SW3_Bin_00014,SW3_Bin_00014_000000000743,IS91,608,982,MGE,Storglaciaren Glacier
SW1_Bin_00028.fa,SW1_Bin_00028_000000000009,acpXL,2435,2632,VFG,Storglaciaren Glacier
SW1_Bin_00028,SW1_Bin_00028_000000000345,IS91,3274,3538,MGE,Storglaciaren Glacier
ML2_Bin_00010.fa,ML2_Bin_00010_000000000200,fliG,1680,2676,VFG,Midtre Lovenbreen
ML2_Bin_00010.fa,ML2_Bin_00010_000000000363,flgH,337,979,VFG,Midtre Lovenbreen
ML2_Bin_00010,ML2_Bin_00010_000000000507,IS91,8641,8964,MGE,Midtre Lovenbreen
G1_Bin_00011.fa,G1_Bin_00011_000000000162,acpXL,4889,5086,VFG,Storglaciaren Glacier
G1_Bin_00011,G1_Bin_00011_000000000072,IS91,3839,4859,MGE,Storglaciaren Glacier
G1_Bin_00011,G1_Bin_00011_000000000181,IS91,7992,8239,MGE,Storglaciaren Glacier
