﻿,Glacier_Foreland,Geo_Location,Location,nRead
BG12-2,Mackay Glacier region,Antarctic,Antarctic,1208705
CN-4,Mackay Glacier region,Antarctic,Antarctic,1097191
FI-1,Mackay Glacier region,Antarctic,Antarctic,891212
MG3-2,Mackay Glacier region,Antarctic,Antarctic,1003325
MG6-4,Mackay Glacier region,Antarctic,Antarctic,1079467
MGM-3,Mackay Glacier region,Antarctic,Antarctic,1383381
MS4-1,Mackay Glacier region,Antarctic,Antarctic,1088344
MS5-1,Mackay Glacier region,Antarctic,Antarctic,1259344
MS6-5,Mackay Glacier region,Antarctic,Antarctic,954366
MS7-5,Mackay Glacier region,Antarctic,Antarctic,1051930
MtG22-5,Mackay Glacier region,Antarctic,Antarctic,1085653
MtG-4,Mackay Glacier region,Antarctic,Antarctic,1229030
PT-2,Mackay Glacier region,Antarctic,Antarctic,976176
SP-2,Mackay Glacier region,Antarctic,Antarctic,950988
TG1-5,Mackay Glacier region,Antarctic,Antarctic,973883
TG5-1,Mackay Glacier region,Antarctic,Antarctic,1050839
ML1,Midtre Lovenbreen,Arctic ,Svalbard,15879106
ML2,Midtre Lovenbreen,Arctic ,Svalbard,17484642
ML3,Midtre Lovenbreen,Arctic ,Svalbard,13032290
SV1,Midtre Lovenbreen,Arctic ,Svalbard,488043
SV10,Midtre Lovenbreen,Arctic ,Svalbard,1071870
SV2,Midtre Lovenbreen,Arctic ,Svalbard,390453
SV3,Midtre Lovenbreen,Arctic ,Svalbard,386646
SV4,Midtre Lovenbreen,Arctic ,Svalbard,827521
SV5,Midtre Lovenbreen,Arctic ,Svalbard,1304220
SV6,Midtre Lovenbreen,Arctic ,Svalbard,1065674
SV7,Midtre Lovenbreen,Arctic ,Svalbard,2768634
SV8,Midtre Lovenbreen,Arctic ,Svalbard,386151
SV9,Midtre Lovenbreen,Arctic ,Svalbard,2131122
G1,Russell Glacier,Arctic ,Greenland,2114430
G2,Russell Glacier,Arctic ,Greenland,6866343
G3,Russell Glacier,Arctic ,Greenland,8575453
G4,Russell Glacier,Arctic ,Greenland,12634925
G5,Russell Glacier,Arctic ,Greenland,8864658
G6,Russell Glacier,Arctic ,Greenland,10743975
G7,Russell Glacier,Arctic ,Greenland,8975889
G8,Russell Glacier,Arctic ,Greenland,7291100
SW1,Storglaciaren Glacier,Arctic ,Sweden,8049742
SW2,Storglaciaren Glacier,Arctic ,Sweden,17005968
SW3,Storglaciaren Glacier,Arctic ,Sweden,68543918
SW4,Storglaciaren Glacier,Arctic ,Sweden,73328256
SW5,Storglaciaren Glacier,Arctic ,Sweden,30020347
SW6,Storglaciaren Glacier,Arctic ,Sweden,103374292
