,Glacier_Foreland,Geo_Location,Location,nRead,Richness,Shannon,Simpson
BG12-2,Mackay Glacier region,Antarctic,Antarctic,1208705,444,3.659863903,0.947035516
CN-4,Mackay Glacier region,Antarctic,Antarctic,1097191,411,3.288190978,0.917017292
FI-1,Mackay Glacier region,Antarctic,Antarctic,891212,298,3.84568636,0.955680454
MG3-2,Mackay Glacier region,Antarctic,Antarctic,1003325,244,3.881497097,0.951663435
MG6-4,Mackay Glacier region,Antarctic,Antarctic,1079467,183,3.791992067,0.946055976
MGM-3,Mackay Glacier region,Antarctic,Antarctic,1383381,251,3.777696988,0.946116472
MS4-1,Mackay Glacier region,Antarctic,Antarctic,1088344,426,4.311948907,0.956649958
MS5-1,Mackay Glacier region,Antarctic,Antarctic,1259344,531,4.413915995,0.959617817
MS6-5,Mackay Glacier region,Antarctic,Antarctic,954366,473,4.102586284,0.952420549
MS7-5,Mackay Glacier region,Antarctic,Antarctic,1051930,611,4.237406369,0.956467656
MtG22-5,Mackay Glacier region,Antarctic,Antarctic,1085653,346,4.320687231,0.972155188
MtG-4,Mackay Glacier region,Antarctic,Antarctic,1229030,550,4.424716419,0.965783908
PT-2,Mackay Glacier region,Antarctic,Antarctic,976176,382,4.338306897,0.966594811
SP-2,Mackay Glacier region,Antarctic,Antarctic,950988,635,4.066457479,0.949603267
TG1-5,Mackay Glacier region,Antarctic,Antarctic,973883,617,4.639303673,0.970716939
TG5-1,Mackay Glacier region,Antarctic,Antarctic,1050839,660,4.412183948,0.967328536
ML1,Midtre Lovenbreen,Arctic ,Svalbard,15879106,730,4.468380472,0.966339944
ML2,Midtre Lovenbreen,Arctic ,Svalbard,17484642,679,4.296630398,0.945646088
ML3,Midtre Lovenbreen,Arctic ,Svalbard,13032290,679,4.136662856,0.921421881
SV1,Midtre Lovenbreen,Arctic ,Svalbard,488043,650,4.026418476,0.929767925
SV10,Midtre Lovenbreen,Arctic ,Svalbard,1071870,582,3.860361766,0.900164943
SV2,Midtre Lovenbreen,Arctic ,Svalbard,390453,200,3.557885774,0.930272246
SV3,Midtre Lovenbreen,Arctic ,Svalbard,386646,388,3.906215956,0.952931086
SV4,Midtre Lovenbreen,Arctic ,Svalbard,827521,554,4.256563572,0.958105139
SV5,Midtre Lovenbreen,Arctic ,Svalbard,1304220,552,4.185945073,0.960944311
SV6,Midtre Lovenbreen,Arctic ,Svalbard,1065674,389,3.963069571,0.95365588
SV7,Midtre Lovenbreen,Arctic ,Svalbard,2768634,584,4.120521431,0.944307512
SV8,Midtre Lovenbreen,Arctic ,Svalbard,386151,406,4.128229067,0.959159916
SV9,Midtre Lovenbreen,Arctic ,Svalbard,2131122,450,4.455561199,0.969858663
G1,Russell Glacier,Arctic ,Greenland,2114430,461,4.321791182,0.966520462
G2,Russell Glacier,Arctic ,Greenland,6866343,430,4.170525191,0.952955671
G3,Russell Glacier,Arctic ,Greenland,8575453,496,4.511572548,0.970857679
G4,Russell Glacier,Arctic ,Greenland,12634925,451,4.418913396,0.973877845
G5,Russell Glacier,Arctic ,Greenland,8864658,425,4.13153423,0.947915226
G6,Russell Glacier,Arctic ,Greenland,10743975,490,4.058957225,0.941911821
G7,Russell Glacier,Arctic ,Greenland,8975889,457,4.156016118,0.95947585
G8,Russell Glacier,Arctic ,Greenland,7291100,335,4.322222911,0.962372747
SW1,Storglaciaren Glacier,Arctic ,Sweden,8049742,431,4.084990784,0.947138372
SW2,Storglaciaren Glacier,Arctic ,Sweden,17005968,447,4.188782328,0.955351578
SW3,Storglaciaren Glacier,Arctic ,Sweden,68543918,511,4.293477482,0.961829047
SW4,Storglaciaren Glacier,Arctic ,Sweden,73328256,482,4.374795696,0.967042311
SW5,Storglaciaren Glacier,Arctic ,Sweden,30020347,561,4.501447364,0.967455484
SW6,Storglaciaren Glacier,Arctic ,Sweden,103374292,605,4.340782837,0.945001461
