,Var1,Freq
60,MuxB,108
62,novA,102
84,rosB,60
43,mdtC,54
6,adeF,45
21,evgS,44
39,macB,44
29,ileS,40
82,QepA4,35
50,MexK,33
30,IreK,28
93,TaeA,25
58,mupB,24
101,tetA(58),20
34,KpnH_K p,19
55,msbA,18
70,otr(A),18
109,vanR,18
20,emrB,17
61,MuxC,17
8,almE,16
18,efpA,16
66,OpmB,16
53,MexW,15
57,mupA,14
91,smeS,13
35,lfrA,11
67,OprM,11
13,baeS,10
27,gyrB,10
12,ArnT,9
23,farB,9
75,pbp1,9
3,acrB,8
78,PBP2 beta-lactam,8
65,OmpA,7
85,rox,7
87,rphB,7
44,mdtP,6
46,MexB,6
51,mexN,6
69,optrA,6
105,TxR,6
10,arlS,5
19,efrA,5
22,facT,5
26,gyrA,5
37,LptD,5
48,MexF,5
64,oleC,5
68,OprN,5
71,otr(B),5
73,ParS,5
83,RanA,5
107,vanH,5
110,vanS,5
36,lmrC,4
41,mdtA,4
42,mdtB,4
45,MdtQ,4
49,MexI,4
59,MuxA,4
86,rphA,4
90,smeE,4
103,tetB(P),4
16,carA,3
28,HelR,3
33,kdpD,3
56,mtrD,3
77,PBP2,3
79,PmrF,3
81,QepA2,3
89,Rv1877,3
99,tet(T),3
104,TriC,3
1,AbaF_A b,2
5,AcrF,2
7,adeH,2
14,basS,2
15,bcrA,2
17,cpxA,2
24,FEZ-1,2
25,fusA,2
38,macA,2
52,mexQ,2
54,mprF,2
63,oleB,2
76,pbp2,2
80,QepA1,2
88,rpoB_rifampicin,2
97,tet(44),2
100,tetA(46),2
111,vgbB,2
2,abcA,1
4,acrD,1
9,arlR,1
11,arnA,1
31,iri,1
32,katG,1
40,mdsB,1
47,MexD,1
72,ParR,1
74,patB,1
92,sul3,1
94,tet(32),1
95,tet(36),1
96,tet(43),1
98,tet(O/W/32/O),1
102,tetB(60),1
106,vanE,1
108,vanO,1
,,1180
