Geneid,ARO_Name,ContigID,contig_kraken2
G1_000000000006_121,novA,G1_000000000006,d_Bacteria|p_Pseudomonadota
G1_000000000098_65,novA,G1_000000000098,d_Bacteria|p_Pseudomonadota|c_Betaproteobacteria|o_Burkholderiales|f_Oxalobacteraceae
G1_000000000271_28,novA,G1_000000000271,d_Bacteria|p_Pseudomonadota|c_Acidithiobacillia|o_Acidithiobacillales|f_Acidithiobacillaceae|g_Acidithiobacillus
G1_000000001545_2,novA,G1_000000001545,d_Bacteria|p_Pseudomonadota|c_Alphaproteobacteria|o_Rhodospirillales|f_Acetobacteraceae|g_Granulibacter|s_Granulibacter bethesdensis
G1_000000006389_13,novA,G1_000000006389,d_Bacteria|p_Pseudomonadota|c_Betaproteobacteria|o_Burkholderiales|_Burkholderiales genera incertae sedis|g_Rhizobacter|_unclassified Rhizobacter|s_Rhizobacter sp. AJA0813
G1_000000020714_7,novA,G1_000000020714,d_Bacteria|p_Pseudomonadota|c_Alphaproteobacteria|o_Sphingomonadales|f_Sphingomonadaceae|g_Sphingomonas|s_Sphingomonas suaedae
G1_000000083283_2,novA,G1_000000083283,d_Bacteria|_Terrabacteria group|p_Actinomycetota|c_Actinomycetes|o_Micrococcales|f_Microbacteriaceae|g_Salinibacterium|_unclassified Salinibacterium
G2_000000001827_17,novA,G2_000000001827,d_Bacteria|_Terrabacteria group|p_Actinomycetota|c_Actinomycetes|o_Micrococcales|f_Microbacteriaceae|g_Gryllotalpicola|s_Gryllotalpicola protaetiae
G2_000000001859_13,novA,G2_000000001859,d_Bacteria|_Terrabacteria group
G2_000000003235_15,novA,G2_000000003235,d_Bacteria|_Terrabacteria group|p_Actinomycetota|c_Actinomycetes
G2_000000004626_6,novA,G2_000000004626,d_Bacteria|_Terrabacteria group|p_Actinomycetota|c_Actinomycetes|o_Micromonosporales|f_Micromonosporaceae|g_Micromonospora
G2_000000016467_5,novA,G2_000000016467,d_Bacteria|_Terrabacteria group|p_Actinomycetota|c_Actinomycetes
G2_000000021384_3,novA,G2_000000021384,d_Bacteria|_Terrabacteria group|p_Actinomycetota|c_Actinomycetes
G2_000000038016_2,novA,G2_000000038016,d_Bacteria|_Terrabacteria group|p_Actinomycetota|c_Actinomycetes|o_Mycobacteriales|f_Nocardiaceae|g_Rhodococcus|s_Rhodococcus antarcticus
G2_000000048909_1,novA,G2_000000048909,d_Bacteria|_Terrabacteria group|p_Actinomycetota|c_Actinomycetes
G2_000000052580_3,novA,G2_000000052580,d_Bacteria|_Terrabacteria group|p_Actinomycetota|c_Actinomycetes
G2_000000058279_2,novA,G2_000000058279,d_Bacteria|_Terrabacteria group|p_Actinomycetota|c_Actinomycetes
G2_000000070461_1,novA,G2_000000070461,d_Bacteria|_Terrabacteria group|p_Actinomycetota|c_Actinomycetes
G3_000000000101_24,novA,G3_000000000101,d_Bacteria|_PVC group|p_Planctomycetota|c_Planctomycetia|o_Isosphaerales|f_Isosphaeraceae|g_Singulisphaera|s_Singulisphaera acidiphila|_Singulisphaera acidiphila DSM 18658
G3_000000003532_3,novA,G3_000000003532,d_Bacteria|_Terrabacteria group|p_Actinomycetota|c_Actinomycetes
G3_000000003641_2,novA,G3_000000003641,d_Bacteria
G3_000000004026_2,novA,G3_000000004026,d_Bacteria|_Terrabacteria group|p_Actinomycetota|c_Actinomycetes
G3_000000016642_5,novA,G3_000000016642,d_Bacteria|_Terrabacteria group|p_Actinomycetota|c_Actinomycetes|o_Micromonosporales|f_Micromonosporaceae|g_Micromonospora
G3_000000021763_1,novA,G3_000000021763,d_Bacteria|_Terrabacteria group|p_Actinomycetota|c_Actinomycetes
G3_000000037059_4,novA,G3_000000037059,d_Bacteria|_Terrabacteria group|p_Actinomycetota|c_Actinomycetes
G3_000000047534_1,novA,G3_000000047534,d_Bacteria|_Terrabacteria group|p_Actinomycetota|c_Actinomycetes
G3_000000067068_1,novA,G3_000000067068,d_Bacteria|_Terrabacteria group|p_Actinomycetota|c_Actinomycetes
G3_000000073380_1,novA,G3_000000073380,d_Bacteria|_Terrabacteria group|p_Actinomycetota|c_Actinomycetes
G3_000000091276_2,novA,G3_000000091276,d_Bacteria|_Terrabacteria group|p_Actinomycetota|c_Actinomycetes|o_Micromonosporales|f_Micromonosporaceae|g_Micromonospora
G3_000000098231_2,novA,G3_000000098231,d_Bacteria|_Terrabacteria group|p_Actinomycetota|c_Actinomycetes
G3_000000099367_2,novA,G3_000000099367,d_Bacteria|_Terrabacteria group|p_Actinomycetota|c_Actinomycetes|o_Micrococcales|f_Intrasporangiaceae|g_Janibacter|s_Janibacter melonis
G3_000000120121_2,novA,G3_000000120121,d_Bacteria|_Terrabacteria group|p_Actinomycetota|c_Actinomycetes
G3_000000143492_2,novA,G3_000000143492,d_Bacteria|_Terrabacteria group|p_Actinomycetota|c_Actinomycetes
G3_000000163373_1,novA,G3_000000163373,d_Bacteria|_Terrabacteria group|p_Actinomycetota|c_Actinomycetes
G5_000000002172_5,novA,G5_000000002172,d_Bacteria|_Terrabacteria group|p_Actinomycetota|c_Actinomycetes|o_Micrococcales|f_Microbacteriaceae
G5_000000010033_3,novA,G5_000000010033,d_Bacteria|_Terrabacteria group|p_Actinomycetota|c_Thermoleophilia|o_Solirubrobacterales|f_Conexibacteraceae|g_Conexibacter|_unclassified Conexibacter
G6_000000000018_37,novA,G6_000000000018,d_Bacteria|p_Pseudomonadota|c_Alphaproteobacteria|o_Hyphomicrobiales
G6_000000000084_27,novA,G6_000000000084,d_Bacteria|p_Pseudomonadota|c_Gammaproteobacteria|o_Lysobacterales|f_Rhodanobacteraceae|g_Rhodanobacter
G6_000000002730_5,novA,G6_000000002730,d_Bacteria|_Terrabacteria group|p_Actinomycetota|c_Actinomycetes|o_Micromonosporales|f_Micromonosporaceae|g_Micromonospora|s_Micromonospora chokoriensis
G6_000000019543_4,novA,G6_000000019543,d_Bacteria|_Terrabacteria group|p_Chloroflexota|c_Ktedonobacteria|o_Ktedonobacterales|f_Ktedonosporobacteraceae|g_Ktedonosporobacter|s_Ktedonosporobacter rubrisoli
G6_000000028048_2,novA,G6_000000028048,d_Bacteria|_Terrabacteria group|p_Actinomycetota|c_Thermoleophilia|o_Solirubrobacterales|f_Conexibacteraceae|g_Conexibacter|_unclassified Conexibacter|s_Conexibacter sp. DBS9H8
G6_000000029108_4,novA,G6_000000029108,d_Bacteria|_Terrabacteria group|p_Actinomycetota|c_Actinomycetes
G6_000000046031_2,novA,G6_000000046031,d_Bacteria|_Terrabacteria group|p_Actinomycetota|c_Thermoleophilia|o_Solirubrobacterales|f_Conexibacteraceae|g_Conexibacter|_unclassified Conexibacter
G6_000000055432_3,novA,G6_000000055432,d_Bacteria|_Terrabacteria group|p_Actinomycetota|c_Actinomycetes
G7_000000000042_29,novA,G7_000000000042,d_Bacteria|_Terrabacteria group|p_Actinomycetota|c_Actinomycetes
G7_000000000660_6,novA,G7_000000000660,d_Bacteria|_Terrabacteria group|p_Actinomycetota|c_Actinomycetes
G7_000000021643_2,novA,G7_000000021643,d_Bacteria|_Terrabacteria group|p_Actinomycetota|c_Actinomycetes
G7_000000024117_2,novA,G7_000000024117,d_Bacteria|_Terrabacteria group|p_Actinomycetota|c_Actinomycetes|o_Kitasatosporales|f_Streptomycetaceae|g_Streptomyces|s_Streptomyces armeniacus
JAITZA000000000.9148/1_5,novA,JAITZA000000000.9148/1,d_Bacteria|_Terrabacteria group|p_Actinomycetota|c_Actinomycetes
JAITZB000000000.15095/1_2,novA,JAITZB000000000.15095/1,d_Bacteria|_Terrabacteria group|p_Actinomycetota|c_Actinomycetes
JAITZB000000000.2503/1_5,novA,JAITZB000000000.2503/1,d_Bacteria|_Terrabacteria group|p_Armatimonadota|c_Armatimonadia|o_Capsulimonadales|f_Capsulimonadaceae|g_Capsulimonas|s_Capsulimonas corticalis
JAITZC000000000.3337/1_7,novA,JAITZC000000000.3337/1,d_Bacteria|p_Pseudomonadota|c_Betaproteobacteria|o_Burkholderiales
JAITZC000000000.984/1_7,novA,JAITZC000000000.984/1,d_Bacteria|p_Pseudomonadota|c_Betaproteobacteria|o_Burkholderiales|f_Sphaerotilaceae|g_Methylibium
JAITZE000000000.13694/1_1,novA,JAITZE000000000.13694/1,d_Bacteria|_Terrabacteria group|p_Actinomycetota|c_Actinomycetes
JAITZF000000000.286/1_9,novA,JAITZF000000000.286/1,d_Bacteria|p_Pseudomonadota|c_Betaproteobacteria|o_Burkholderiales|f_Comamonadaceae
JAITZG000000000.6306/1_2,novA,JAITZG000000000.6306/1,d_Bacteria|_Terrabacteria group|p_Actinomycetota|c_Actinomycetes
JAITZG000000000.6910/1_3,novA,JAITZG000000000.6910/1,d_Bacteria|_Terrabacteria group|p_Actinomycetota|c_Actinomycetes
JAITZH000000000.20179/1_2,novA,JAITZH000000000.20179/1,d_Bacteria|_Terrabacteria group|p_Actinomycetota|c_Actinomycetes
JAITZI000000000.26441/1_2,novA,JAITZI000000000.26441/1,d_Bacteria|_Terrabacteria group|p_Actinomycetota|c_Actinomycetes|o_Micrococcales|_Micrococcales incertae sedis|g_Pengzhenrongella|s_Pengzhenrongella sicca
JAITZI000000000.28263/1_2,novA,JAITZI000000000.28263/1,d_Bacteria|_Terrabacteria group|p_Actinomycetota|c_Actinomycetes
JAITZI000000000.3565/1_3,novA,JAITZI000000000.3565/1,d_Bacteria|_Terrabacteria group|p_Actinomycetota|c_Actinomycetes|o_Mycobacteriales|f_Nocardiaceae|g_Rhodococcus
JAITZL000000000.21013/1_1,novA,JAITZL000000000.21013/1,d_Bacteria|_Terrabacteria group|p_Actinomycetota|c_Actinomycetes|o_Mycobacteriales|f_Nocardiaceae|g_Rhodococcus
JAITZL000000000.4423/1_6,novA,JAITZL000000000.4423/1,d_Bacteria|_Terrabacteria group|p_Actinomycetota|c_Actinomycetes
JAITZL000000000.469/1_18,novA,JAITZL000000000.469/1,d_Bacteria|_Terrabacteria group|p_Actinomycetota|c_Actinomycetes
JAITZM000000000.1/1_270,novA,JAITZM000000000.1/1,d_Bacteria|p_Pseudomonadota|c_Betaproteobacteria|o_Nitrosomonadales|f_Nitrosomonadaceae|g_Nitrosospira
ML13_000000001199_2,novA,ML13_000000001199,d_Bacteria|_Terrabacteria group|p_Actinomycetota|c_Actinomycetes
ML13_000000005280_10,novA,ML13_000000005280,d_Bacteria|_Terrabacteria group|p_Actinomycetota|c_Actinomycetes
ML13_000000015427_2,novA,ML13_000000015427,d_Bacteria|_Terrabacteria group|p_Actinomycetota|c_Actinomycetes
ML13_000000016070_2,novA,ML13_000000016070,d_Bacteria|_Terrabacteria group|p_Actinomycetota|c_Actinomycetes
ML13_000000050083_1,novA,ML13_000000050083,d_Bacteria|_Terrabacteria group|p_Actinomycetota|c_Actinomycetes
ML13_000000052640_1,novA,ML13_000000052640,d_Bacteria|_Terrabacteria group|p_Actinomycetota|c_Actinomycetes
ML2_000000000033_56,novA,ML2_000000000033,d_Bacteria|_FCB group|_Bacteroidota/Chlorobiota group|p_Bacteroidota|c_Flavobacteriia|o_Flavobacteriales|f_Flavobacteriaceae|g_Flavobacterium|s_Flavobacterium album
ML2_000000000090_28,novA,ML2_000000000090,d_Bacteria|_Terrabacteria group|p_Actinomycetota|c_Actinomycetes|o_Mycobacteriales|f_Mycobacteriaceae|g_Mycolicibacterium|s_Mycolicibacterium aubagnense
ML2_000000000090_66,novA,ML2_000000000090,d_Bacteria|_FCB group|p_Gemmatimonadota|c_Gemmatimonadia|o_Gemmatimonadales|f_Gemmatimonadaceae|g_Gemmatimonas|s_Gemmatimonas phototrophica
ML2_000000000230_46,novA,ML2_000000000230,d_Bacteria|_Terrabacteria group|p_Actinomycetota|c_Actinomycetes
ML2_000000005102_4,novA,ML2_000000005102,d_Bacteria|_Terrabacteria group|p_Actinomycetota|c_Actinomycetes
ML2_000000010490_1,novA,ML2_000000010490,d_Bacteria|p_Pseudomonadota|c_Betaproteobacteria|o_Burkholderiales
ML2_000000050341_2,novA,ML2_000000050341,d_Bacteria|_Terrabacteria group|p_Actinomycetota|c_Actinomycetes
ML2_000000092763_1,novA,ML2_000000092763,d_Bacteria|_Terrabacteria group|p_Actinomycetota|c_Actinomycetes
ML7_000000068268_2,novA,ML7_000000068268,d_Bacteria|_Terrabacteria group|p_Actinomycetota|c_Actinomycetes|o_Pseudonocardiales|f_Pseudonocardiaceae|g_Amycolatopsis
NODE_1058_length_18860_cov_4.335390_4,novA,NODE_1058_length_18860_cov_4.335390,d_Bacteria|_PVC group|p_Planctomycetota|c_Phycisphaerae|o_Tepidisphaerales|f_Tepidisphaeraceae|g_Humisphaera|s_Humisphaera borealis
NODE_108543_length_1933_cov_2.420128_1,novA,NODE_108543_length_1933_cov_2.420128,d_Bacteria|_Terrabacteria group|p_Actinomycetota|c_Actinomycetes|o_Micromonosporales|f_Micromonosporaceae|g_Actinoplanes|s_Actinoplanes sichuanensis
NODE_1114_length_18383_cov_4.711316_19,novA,NODE_1114_length_18383_cov_4.711316,d_Bacteria|_Terrabacteria group|p_Actinomycetota|c_Actinomycetes|o_Micromonosporales|f_Micromonosporaceae|g_Micromonospora
NODE_121427_length_2098_cov_3.513950_2,novA,NODE_121427_length_2098_cov_3.513950,d_Bacteria|_Terrabacteria group|p_Actinomycetota|c_Actinomycetes
NODE_136910_length_1952_cov_9.043753_1,novA,NODE_136910_length_1952_cov_9.043753,d_Bacteria|_Terrabacteria group|p_Actinomycetota|c_Actinomycetes|o_Pseudonocardiales|f_Pseudonocardiaceae|g_Amycolatopsis|_unclassified Amycolatopsis|s_Amycolatopsis sp. CA230715
NODE_15435_length_5842_cov_3.212718_1,novA,NODE_15435_length_5842_cov_3.212718,d_Bacteria|_Terrabacteria group|p_Actinomycetota|c_Actinomycetes
NODE_1588_length_13678_cov_11.332526_7,novA,NODE_1588_length_13678_cov_11.332526,d_Bacteria|_Terrabacteria group|p_Actinomycetota|c_Actinomycetes|o_Micrococcales|f_Dermacoccaceae|g_Luteipulveratus|s_Luteipulveratus mongoliensis
NODE_22247_length_4643_cov_18.882520_4,novA,NODE_22247_length_4643_cov_18.882520,d_Bacteria|_Terrabacteria group|p_Actinomycetota|c_Actinomycetes|o_Micrococcales
NODE_25802_length_3600_cov_4.341890_1,novA,NODE_25802_length_3600_cov_4.341890,d_Bacteria|_Terrabacteria group|p_Actinomycetota|c_Actinomycetes
NODE_25861_length_4286_cov_2.291420_1,novA,NODE_25861_length_4286_cov_2.291420,d_Bacteria|_Terrabacteria group|p_Actinomycetota|c_Actinomycetes|o_Micrococcales|f_Microbacteriaceae|g_Microbacterium
NODE_3090_length_15995_cov_3.398996_6,novA,NODE_3090_length_15995_cov_3.398996,d_Bacteria|_Terrabacteria group|p_Actinomycetota|c_Actinomycetes|o_Micrococcales|f_Microbacteriaceae|g_Salinibacterium|_unclassified Salinibacterium
NODE_35856_length_2506_cov_3.235006_2,novA,NODE_35856_length_2506_cov_3.235006,d_Bacteria|_Terrabacteria group|p_Actinomycetota|c_Actinomycetes|o_Micromonosporales|f_Micromonosporaceae|g_Micromonospora
NODE_39150_length_3420_cov_3.479941_2,novA,NODE_39150_length_3420_cov_3.479941,d_Bacteria|_Terrabacteria group|p_Actinomycetota|c_Actinomycetes|o_Micromonosporales|f_Micromonosporaceae|g_Micromonospora
NODE_39441_length_4078_cov_7.429033_4,novA,NODE_39441_length_4078_cov_7.429033,d_Bacteria|_Terrabacteria group|p_Actinomycetota|c_Actinomycetes
NODE_46443_length_2653_cov_8.219784_2,novA,NODE_46443_length_2653_cov_8.219784,d_Bacteria|_Terrabacteria group|p_Actinomycetota|c_Actinomycetes
NODE_4755_length_10456_cov_3.527834_8,novA,NODE_4755_length_10456_cov_3.527834,d_Bacteria|_Terrabacteria group|p_Actinomycetota|c_Actinomycetes
NODE_5096_length_10134_cov_10.564739_10,novA,NODE_5096_length_10134_cov_10.564739,d_Bacteria|_Terrabacteria group|p_Actinomycetota|c_Thermoleophilia|o_Solirubrobacterales|f_Conexibacteraceae|g_Conexibacter|_unclassified Conexibacter|s_Conexibacter sp. S30A1
NODE_5910_length_9409_cov_10.823819_9,novA,NODE_5910_length_9409_cov_10.823819,d_Bacteria|_Terrabacteria group|p_Actinomycetota|c_Actinomycetes
NODE_63804_length_2736_cov_11.714286_3,novA,NODE_63804_length_2736_cov_11.714286,d_Bacteria|_Terrabacteria group|p_Actinomycetota|c_Actinomycetes
NODE_88253_length_1689_cov_1.816401_1,novA,NODE_88253_length_1689_cov_1.816401,d_Bacteria
NODE_9260_length_5859_cov_2.484666_3,novA,NODE_9260_length_5859_cov_2.484666,d_Bacteria|_Terrabacteria group|p_Actinomycetota|c_Actinomycetes|o_Propionibacteriales|f_Propionibacteriaceae|g_Microlunatus|s_Microlunatus phosphovorus|_Microlunatus phosphovorus NM1
SV9_000000000004_82,novA,SV9_000000000004,d_Bacteria|p_Pseudomonadota|c_Alphaproteobacteria|o_Hyphomicrobiales
SV9_000000000012_182,novA,SV9_000000000012,d_Bacteria|p_Pseudomonadota|c_Alphaproteobacteria|o_Hyphomicrobiales|f_Hyphomicrobiaceae|g_Rhodoplanes|_unclassified Rhodoplanes|s_Rhodoplanes sp. Z2YC6860
SV9_000000001626_5,novA,SV9_000000001626,d_Bacteria|_Terrabacteria group|p_Actinomycetota|c_Actinomycetes
G1_000000000314_41,bacA,G1_000000000314,d_Bacteria|p_Pseudomonadota|c_Alphaproteobacteria|o_Hyphomicrobiales
SV9_000000000004_124,bacA,SV9_000000000004,d_Bacteria|p_Pseudomonadota|c_Alphaproteobacteria|o_Hyphomicrobiales|f_Nitrobacteraceae|g_Rhodopseudomonas|s_Rhodopseudomonas palustris
G6_000000016376_1,MexF,G6_000000016376,d_Bacteria|p_Pseudomonadota|c_Alphaproteobacteria|o_Hyphomicrobiales
G7_000000004703_1,MexF,G7_000000004703,d_Bacteria|p_Pseudomonadota|c_Alphaproteobacteria|o_Hyphomicrobiales
ML2_000000028193_2,MexF,ML2_000000028193,d_Bacteria|p_Pseudomonadota|c_Betaproteobacteria|o_Neisseriales|f_Chromobacteriaceae|g_Paludibacterium|_unclassified Paludibacterium|s_Paludibacterium sp. B53371
ML7_000000007444_5,MexF,ML7_000000007444,d_Bacteria|p_Acidobacteriota|c_Vicinamibacteria|o_Vicinamibacterales|f_Vicinamibacteraceae|g_Luteitalea|s_Luteitalea pratensis
NODE_43772_length_3218_cov_2.233639_1,MexF,NODE_43772_length_3218_cov_2.233639,d_Bacteria|p_Pseudomonadota
G1_000000000040_88,MuxB,G1_000000000040,d_Bacteria|p_Pseudomonadota
G1_000000000301_50,MuxB,G1_000000000301,d_Bacteria
G1_000000000324_32,MuxB,G1_000000000324,d_Bacteria|p_Pseudomonadota
G1_000000000609_36,MuxB,G1_000000000609,d_Bacteria
G1_000000000609_37,MuxB,G1_000000000609,d_Bacteria
G1_000000000925_28,MuxB,G1_000000000925,d_Bacteria|p_Acidobacteriota|c_Terriglobia|o_Terriglobales|f_Acidobacteriaceae|g_Edaphobacter
G1_000000001132_3,MuxB,G1_000000001132,d_Bacteria|p_Pseudomonadota|c_Alphaproteobacteria
G1_000000001132_4,MuxB,G1_000000001132,d_Bacteria|p_Pseudomonadota
G1_000000001184_20,MuxB,G1_000000001184,d_Bacteria|p_Pseudomonadota
G1_000000001892_20,MuxB,G1_000000001892,d_Bacteria
G1_000000002270_23,MuxB,G1_000000002270,d_Bacteria
G1_000000002785_15,MuxB,G1_000000002785,d_Bacteria
G1_000000003081_4,MuxB,G1_000000003081,d_Bacteria|p_Pseudomonadota
G1_000000003303_11,MuxB,G1_000000003303,d_Bacteria
G1_000000003326_14,MuxB,G1_000000003326,d_Bacteria|p_Pseudomonadota|c_Alphaproteobacteria|o_Rhodospirillales|f_Acetobacteraceae|g_Rhodovastum|s_Rhodovastum atsumiense
G1_000000003512_7,MuxB,G1_000000003512,d_Bacteria|p_Pseudomonadota
G1_000000003870_4,MuxB,G1_000000003870,d_Bacteria|p_Pseudomonadota
G1_000000004341_2,MuxB,G1_000000004341,d_Bacteria|_PVC group|p_Verrucomicrobiota|c_Opitutia|o_Opitutales|f_Opitutaceae|g_Opitutus|_unclassified Opitutus|s_Opitutus sp. GAS368
G1_000000004538_4,MuxB,G1_000000004538,d_Bacteria
G1_000000005039_7,MuxB,G1_000000005039,d_Bacteria|p_Pseudomonadota|c_Alphaproteobacteria|o_Hyphomicrobiales|f_Nitrobacteraceae
G1_000000006808_3,MuxB,G1_000000006808,d_Bacteria|p_Pseudomonadota|c_Alphaproteobacteria|o_Hyphomicrobiales
G1_000000007209_3,MuxB,G1_000000007209,d_Bacteria|p_Pseudomonadota|c_Gammaproteobacteria|o_Methylococcales|f_Methylococcaceae|g_Methylomonas
G1_000000007209_4,MuxB,G1_000000007209,d_Bacteria|p_Pseudomonadota|c_Alphaproteobacteria|o_Hyphomicrobiales|f_Nitrobacteraceae
G1_000000007492_7,MuxB,G1_000000007492,d_Bacteria|p_Pseudomonadota
G1_000000007934_2,MuxB,G1_000000007934,d_Bacteria
G1_000000008439_2,MuxB,G1_000000008439,d_Bacteria
G1_000000008792_4,MuxB,G1_000000008792,d_Bacteria|p_Pseudomonadota
G1_000000009092_6,MuxB,G1_000000009092,d_Bacteria
G1_000000011024_2,MuxB,G1_000000011024,d_Bacteria|p_Pseudomonadota|c_Alphaproteobacteria|o_Hyphomicrobiales|f_Nitrobacteraceae
G1_000000011673_5,MuxB,G1_000000011673,d_Bacteria|p_Pseudomonadota
G1_000000012451_1,MuxB,G1_000000012451,d_Bacteria
G1_000000012451_2,MuxB,G1_000000012451,d_Bacteria|p_Pseudomonadota
G1_000000024432_2,MuxB,G1_000000024432,d_Bacteria|p_Acidobacteriota|c_Terriglobia|o_Terriglobales|f_Acidobacteriaceae
G1_000000026814_3,MuxB,G1_000000026814,d_Bacteria|p_Pseudomonadota
G1_000000027663_2,MuxB,G1_000000027663,d_Bacteria|p_Pseudomonadota|c_Gammaproteobacteria|o_Methylococcales|f_Methylococcaceae
G1_000000030940_2,MuxB,G1_000000030940,d_Bacteria|p_Pseudomonadota
G1_000000034516_1,MuxB,G1_000000034516,d_Bacteria
G1_000000042292_1,MuxB,G1_000000042292,d_Bacteria|p_Pseudomonadota|c_Alphaproteobacteria|o_Rhodospirillales|f_Acetobacteraceae
G2_000000000213_2,MuxB,G2_000000000213,d_Bacteria|p_Pseudomonadota|c_Alphaproteobacteria|o_Hyphomicrobiales
G2_000000000297_40,MuxB,G2_000000000297,d_Bacteria|p_Pseudomonadota|c_Alphaproteobacteria|o_Hyphomicrobiales
G2_000000001481_11,MuxB,G2_000000001481,d_Bacteria
G2_000000001825_12,MuxB,G2_000000001825,d_Bacteria
G2_000000024109_1,MuxB,G2_000000024109,d_Bacteria|p_Pseudomonadota|c_Alphaproteobacteria
G2_000000040571_1,MuxB,G2_000000040571,d_Bacteria
G2_000000047220_1,MuxB,G2_000000047220,d_Bacteria|p_Pseudomonadota|c_Alphaproteobacteria
G3_000000005236_1,MuxB,G3_000000005236,d_Bacteria|p_Pseudomonadota|c_Alphaproteobacteria
G3_000000009307_3,MuxB,G3_000000009307,d_Bacteria|p_Pseudomonadota|c_Betaproteobacteria|o_Burkholderiales|f_Comamonadaceae|g_Ramlibacter|s_Ramlibacter tataouinensis|_Ramlibacter tataouinensis TTB310
G3_000000040103_1,MuxB,G3_000000040103,d_Bacteria|p_Pseudomonadota
G4_000000000505_1,MuxB,G4_000000000505,d_Bacteria|p_Pseudomonadota|c_Alphaproteobacteria|o_Hyphomicrobiales
G4_000000000505_2,MuxB,G4_000000000505,d_Bacteria|p_Pseudomonadota|c_Alphaproteobacteria|o_Hyphomicrobiales
G4_000000001105_7,MuxB,G4_000000001105,d_Bacteria
G4_000000004650_2,MuxB,G4_000000004650,d_Bacteria
G5_000000000099_8,MuxB,G5_000000000099,d_Bacteria|p_Pseudomonadota|c_Alphaproteobacteria|o_Hyphomicrobiales
G5_000000000099_9,MuxB,G5_000000000099,d_Bacteria
G5_000000000752_5,MuxB,G5_000000000752,d_Bacteria
G5_000000001377_3,MuxB,G5_000000001377,d_Bacteria
G5_000000001898_1,MuxB,G5_000000001898,d_Bacteria
G5_000000017371_1,MuxB,G5_000000017371,d_Bacteria
G5_000000021716_1,MuxB,G5_000000021716,d_Bacteria
G6_000000000018_17,MuxB,G6_000000000018,d_Bacteria|p_Pseudomonadota
G6_000000000020_44,MuxB,G6_000000000020,d_Bacteria
G6_000000000074_43,MuxB,G6_000000000074,d_Bacteria
G6_000000000180_7,MuxB,G6_000000000180,d_Bacteria|p_Pseudomonadota
G6_000000000276_9,MuxB,G6_000000000276,d_Bacteria
G6_000000000292_2,MuxB,G6_000000000292,d_Bacteria|p_Pseudomonadota
G6_000000001311_6,MuxB,G6_000000001311,d_Bacteria
G6_000000002364_8,MuxB,G6_000000002364,d_Bacteria
G6_000000002366_2,MuxB,G6_000000002366,d_Bacteria|p_Pseudomonadota|c_Alphaproteobacteria|o_Hyphomicrobiales
G6_000000003394_7,MuxB,G6_000000003394,d_Bacteria|p_Pseudomonadota|c_Alphaproteobacteria|o_Hyphomicrobiales
G6_000000003979_2,MuxB,G6_000000003979,d_Bacteria
G6_000000004054_5,MuxB,G6_000000004054,d_Bacteria
G6_000000004718_4,MuxB,G6_000000004718,d_Bacteria
G6_000000005675_4,MuxB,G6_000000005675,d_Bacteria
G6_000000005922_2,MuxB,G6_000000005922,d_Bacteria|p_Pseudomonadota
G6_000000006876_1,MuxB,G6_000000006876,d_Bacteria|p_Pseudomonadota|c_Betaproteobacteria|o_Rhodocyclales|f_Rhodocyclaceae|g_Propionivibrio|_environmental samples|s_uncultured Propionivibrio sp.
G6_000000007068_3,MuxB,G6_000000007068,d_Bacteria
G6_000000008040_2,MuxB,G6_000000008040,d_Bacteria
G6_000000008270_2,MuxB,G6_000000008270,d_Bacteria
G6_000000011257_3,MuxB,G6_000000011257,d_Bacteria|p_Pseudomonadota
G6_000000011298_3,MuxB,G6_000000011298,d_Bacteria
G6_000000012986_2,MuxB,G6_000000012986,d_Bacteria
G6_000000013015_2,MuxB,G6_000000013015,d_Bacteria|p_Pseudomonadota|c_Betaproteobacteria|o_Burkholderiales|f_Oxalobacteraceae|g_Collimonas|s_Collimonas fungivorans|_Collimonas fungivorans Ter331
G6_000000016009_2,MuxB,G6_000000016009,d_Bacteria
G6_000000017648_2,MuxB,G6_000000017648,d_Bacteria
G6_000000022395_2,MuxB,G6_000000022395,d_Bacteria|p_Pseudomonadota|c_Betaproteobacteria|o_Burkholderiales|f_Comamonadaceae|g_Paracidovorax|s_Paracidovorax avenae
G6_000000029129_2,MuxB,G6_000000029129,d_Bacteria|p_Pseudomonadota|c_Alphaproteobacteria|o_Hyphomicrobiales
G6_000000030925_1,MuxB,G6_000000030925,d_Bacteria|p_Pseudomonadota
G6_000000037360_1,MuxB,G6_000000037360,d_Bacteria
G7_000000001034_4,MuxB,G7_000000001034,d_Bacteria
G7_000000001644_4,MuxB,G7_000000001644,d_Bacteria|p_Pseudomonadota
G7_000000004138_2,MuxB,G7_000000004138,d_Bacteria
G7_000000004818_2,MuxB,G7_000000004818,d_Bacteria
G8_000000000228_2,MuxB,G8_000000000228,d_Bacteria
G8_000000001146_2,MuxB,G8_000000001146,d_Bacteria
G8_000000002106_3,MuxB,G8_000000002106,d_Bacteria
G8_000000007203_1,MuxB,G8_000000007203,d_Bacteria|p_Pseudomonadota|c_Alphaproteobacteria|o_Hyphomicrobiales
G8_000000008681_1,MuxB,G8_000000008681,d_Bacteria|p_Pseudomonadota
JAITZF000000000.1842/1_2,MuxB,JAITZF000000000.1842/1,d_Bacteria|p_Pseudomonadota
JAITZG000000000.164/1_12,MuxB,JAITZG000000000.164/1,d_Bacteria
JAITZK000000000.13801/1_1,MuxB,JAITZK000000000.13801/1,d_Bacteria|p_Pseudomonadota
JAITZL000000000.3949/1_1,MuxB,JAITZL000000000.3949/1,d_Bacteria|p_Pseudomonadota|c_Alphaproteobacteria|o_Caulobacterales|f_Caulobacteraceae|g_Phenylobacterium|_unclassified Phenylobacterium|s_Phenylobacterium sp. NIBR 498073
JAITZL000000000.6/1_128,MuxB,JAITZL000000000.6/1,d_Bacteria|_FCB group|_Bacteroidota/Chlorobiota group|p_Bacteroidota
JAITZL000000000.76/1_39,MuxB,JAITZL000000000.76/1,d_Bacteria|p_Pseudomonadota|c_Gammaproteobacteria|o_Pseudomonadales|f_Pseudomonadaceae|g_Pseudomonas|s_Pseudomonas simiae
JAITZM000000000.10/1_32,MuxB,JAITZM000000000.10/1,d_Bacteria
JAITZM000000000.16/1_52,MuxB,JAITZM000000000.16/1,d_Bacteria
JAITZM000000000.4489/1_2,MuxB,JAITZM000000000.4489/1,d_Bacteria
JAITZM000000000.624/1_5,MuxB,JAITZM000000000.624/1,d_Bacteria
JAITZM000000000.96/1_31,MuxB,JAITZM000000000.96/1,d_Bacteria
ML13_000000000495_2,MuxB,ML13_000000000495,d_Bacteria
ML13_000000001807_4,MuxB,ML13_000000001807,d_Bacteria|p_Thermodesulfobacteriota|c_Desulfuromonadia|o_Geobacterales|f_Geobacteraceae|g_Geobacter|s_Geobacter sulfurreducens
ML13_000000001823_2,MuxB,ML13_000000001823,d_Bacteria
ML13_000000002145_6,MuxB,ML13_000000002145,d_Bacteria
ML13_000000005148_3,MuxB,ML13_000000005148,d_Bacteria
ML13_000000028952_1,MuxB,ML13_000000028952,d_Bacteria|p_Pseudomonadota|c_Alphaproteobacteria
ML13_000000031533_2,MuxB,ML13_000000031533,d_Bacteria
ML13_000000031589_2,MuxB,ML13_000000031589,d_Bacteria|p_Pseudomonadota|c_Alphaproteobacteria|o_Hyphomicrobiales
ML13_000000040138_2,MuxB,ML13_000000040138,d_Bacteria
ML2_000000000783_5,MuxB,ML2_000000000783,d_Bacteria|p_Pseudomonadota
ML2_000000002228_2,MuxB,ML2_000000002228,d_Bacteria|p_Pseudomonadota|c_Alphaproteobacteria
ML2_000000002423_10,MuxB,ML2_000000002423,d_Bacteria|p_Pseudomonadota
ML2_000000008153_2,MuxB,ML2_000000008153,d_Bacteria
ML2_000000008453_5,MuxB,ML2_000000008453,d_Bacteria|p_Pseudomonadota|c_Gammaproteobacteria|o_Pseudomonadales|f_Pseudomonadaceae|g_Pseudomonas
ML2_000000011161_2,MuxB,ML2_000000011161,d_Bacteria|p_Pseudomonadota|c_Alphaproteobacteria|o_Hyphomicrobiales
ML2_000000011161_3,MuxB,ML2_000000011161,d_Bacteria|p_Pseudomonadota|c_Alphaproteobacteria
ML7_000000000534_8,MuxB,ML7_000000000534,d_Bacteria|p_Pseudomonadota|c_Betaproteobacteria|o_Burkholderiales|f_Comamonadaceae|g_Paracidovorax
ML7_000000001197_9,MuxB,ML7_000000001197,d_Bacteria|p_Pseudomonadota|c_Alphaproteobacteria|o_Hyphomicrobiales
ML7_000000001310_6,MuxB,ML7_000000001310,d_Bacteria
ML7_000000006438_2,MuxB,ML7_000000006438,d_Bacteria|p_Pseudomonadota
ML7_000000026544_2,MuxB,ML7_000000026544,d_Bacteria|p_Myxococcota|c_Myxococcia|o_Myxococcales|_Cystobacterineae|f_Myxococcaceae|g_Pyxidicoccus|s_Pyxidicoccus parkwaysis
NODE_11802_length_6280_cov_29.045141_3,MuxB,NODE_11802_length_6280_cov_29.045141,d_Bacteria|p_Pseudomonadota|c_Alphaproteobacteria|o_Rhodospirillales|f_Acetobacteraceae|g_Rhodovastum|s_Rhodovastum atsumiense
NODE_1181_length_25494_cov_9.983333_21,MuxB,NODE_1181_length_25494_cov_9.983333,d_Bacteria|p_Pseudomonadota
NODE_11953_length_6465_cov_2.991576_1,MuxB,NODE_11953_length_6465_cov_2.991576,d_Bacteria|p_Pseudomonadota|c_Alphaproteobacteria|o_Hyphomicrobiales|f_Xanthobacteraceae|g_Pseudolabrys
NODE_11953_length_6465_cov_2.991576_2,MuxB,NODE_11953_length_6465_cov_2.991576,d_Bacteria
NODE_12620_length_5965_cov_2.449577_3,MuxB,NODE_12620_length_5965_cov_2.449577,d_Bacteria|p_Pseudomonadota|c_Betaproteobacteria|o_Burkholderiales|f_Burkholderiaceae
NODE_1305_length_21787_cov_8.199015_21,MuxB,NODE_1305_length_21787_cov_8.199015,d_Bacteria|p_Pseudomonadota
NODE_13185_length_6353_cov_2.302795_2,MuxB,NODE_13185_length_6353_cov_2.302795,d_Bacteria
NODE_13251_length_5744_cov_17.265952_1,MuxB,NODE_13251_length_5744_cov_17.265952,d_Bacteria
NODE_14100_length_3742_cov_4.834825_1,MuxB,NODE_14100_length_3742_cov_4.834825,d_Bacteria|p_Pseudomonadota
NODE_1480_length_15786_cov_3.473460_7,MuxB,NODE_1480_length_15786_cov_3.473460,d_Bacteria
NODE_14812_length_5289_cov_2.945548_2,MuxB,NODE_14812_length_5289_cov_2.945548,d_Bacteria|p_Myxococcota|_Polyangia|o_Polyangiales|f_Labilitrichaceae|g_Labilithrix|s_Labilithrix luteola
NODE_15254_length_5675_cov_3.665125_3,MuxB,NODE_15254_length_5675_cov_3.665125,d_Bacteria|p_Pseudomonadota|c_Alphaproteobacteria
NODE_1533_length_22373_cov_7.934089_14,MuxB,NODE_1533_length_22373_cov_7.934089,d_Bacteria|p_Pseudomonadota
NODE_16589_length_6628_cov_3.614636_2,MuxB,NODE_16589_length_6628_cov_3.614636,d_Bacteria|p_Pseudomonadota|c_Betaproteobacteria
NODE_17195_length_5338_cov_3.415862_2,MuxB,NODE_17195_length_5338_cov_3.415862,d_Bacteria|p_Pseudomonadota|c_Gammaproteobacteria|o_Lysobacterales|f_Rhodanobacteraceae|g_Luteibacter
NODE_1802_length_18149_cov_6.437769_14,MuxB,NODE_1802_length_18149_cov_6.437769,d_Bacteria
NODE_18642_length_4456_cov_2.890025_1,MuxB,NODE_18642_length_4456_cov_2.890025,d_Bacteria|p_Pseudomonadota
NODE_189_length_49458_cov_6.603648_48,MuxB,NODE_189_length_49458_cov_6.603648,d_Bacteria
NODE_18920_length_6173_cov_4.953743_1,MuxB,NODE_18920_length_6173_cov_4.953743,d_Bacteria|p_Pseudomonadota
NODE_194_length_60674_cov_7.065491_43,MuxB,NODE_194_length_60674_cov_7.065491,d_Bacteria
NODE_19417_length_4996_cov_3.822303_2,MuxB,NODE_19417_length_4996_cov_3.822303,d_Bacteria
NODE_1990_length_20769_cov_3.424544_8,MuxB,NODE_1990_length_20769_cov_3.424544,d_Bacteria
NODE_1996_length_19762_cov_8.333130_7,MuxB,NODE_1996_length_19762_cov_8.333130,d_Bacteria
NODE_20966_length_3857_cov_2.670963_2,MuxB,NODE_20966_length_3857_cov_2.670963,d_Bacteria
NODE_21028_length_4006_cov_1.976462_1,MuxB,NODE_21028_length_4006_cov_1.976462,d_Bacteria|p_Pseudomonadota|c_Alphaproteobacteria|o_Hyphomicrobiales|f_Methylobacteriaceae|g_Methylobacterium|s_Methylobacterium radiotolerans
NODE_21524_length_4000_cov_2.472750_4,MuxB,NODE_21524_length_4000_cov_2.472750,d_Bacteria|p_Pseudomonadota|c_Gammaproteobacteria|o_Lysobacterales|f_Lysobacteraceae|g_Lysobacter|s_Lysobacter capsici
NODE_21667_length_5723_cov_3.564397_3,MuxB,NODE_21667_length_5723_cov_3.564397,d_Bacteria
NODE_2211_length_12842_cov_3.332291_2,MuxB,NODE_2211_length_12842_cov_3.332291,d_Bacteria
NODE_22308_length_3901_cov_3.462038_2,MuxB,NODE_22308_length_3901_cov_3.462038,d_Bacteria|p_Pseudomonadota|c_Alphaproteobacteria
NODE_2317_length_12560_cov_4.530028_4,MuxB,NODE_2317_length_12560_cov_4.530028,d_Bacteria
NODE_23646_length_4690_cov_4.241208_1,MuxB,NODE_23646_length_4690_cov_4.241208,d_Bacteria|p_Acidobacteriota|c_Terriglobia|o_Terriglobales|f_Acidobacteriaceae
NODE_24172_length_5396_cov_3.737502_2,MuxB,NODE_24172_length_5396_cov_3.737502,d_Bacteria
NODE_25770_length_5202_cov_4.452108_2,MuxB,NODE_25770_length_5202_cov_4.452108,d_Bacteria|p_Pseudomonadota
NODE_258_length_53230_cov_4.257527_8,MuxB,NODE_258_length_53230_cov_4.257527,d_Bacteria
NODE_2658_length_17158_cov_3.846343_5,MuxB,NODE_2658_length_17158_cov_3.846343,d_Bacteria
NODE_2658_length_17158_cov_3.846343_6,MuxB,NODE_2658_length_17158_cov_3.846343,d_Bacteria
NODE_27105_length_3374_cov_2.459174_1,MuxB,NODE_27105_length_3374_cov_2.459174,d_Bacteria|p_Pseudomonadota|c_Alphaproteobacteria
NODE_27293_length_3355_cov_3.287576_1,MuxB,NODE_27293_length_3355_cov_3.287576,d_Bacteria|p_Pseudomonadota
NODE_2748_length_14465_cov_3.963359_5,MuxB,NODE_2748_length_14465_cov_3.963359,d_Bacteria
NODE_30556_length_4720_cov_3.922401_1,MuxB,NODE_30556_length_4720_cov_3.922401,d_Bacteria|p_Myxococcota|c_Myxococcia|o_Myxococcales|_Cystobacterineae
NODE_30556_length_4720_cov_3.922401_2,MuxB,NODE_30556_length_4720_cov_3.922401,d_Bacteria|p_Myxococcota|c_Myxococcia|o_Myxococcales|_Cystobacterineae|f_Myxococcaceae|g_Pyxidicoccus|s_Pyxidicoccus parkwaysis
NODE_30920_length_3884_cov_2.722904_1,MuxB,NODE_30920_length_3884_cov_2.722904,d_Bacteria|p_Pseudomonadota|c_Alphaproteobacteria
NODE_3344_length_12372_cov_3.788017_8,MuxB,NODE_3344_length_12372_cov_3.788017,d_Bacteria
NODE_33737_length_3701_cov_2.917718_1,MuxB,NODE_33737_length_3701_cov_2.917718,d_Bacteria|p_Pseudomonadota
NODE_3497_length_14827_cov_13.311129_12,MuxB,NODE_3497_length_14827_cov_13.311129,d_Bacteria|p_Pseudomonadota
NODE_3594_length_12470_cov_4.317519_3,MuxB,NODE_3594_length_12470_cov_4.317519,d_Bacteria
NODE_3609_length_12449_cov_3.929563_9,MuxB,NODE_3609_length_12449_cov_3.929563,d_Bacteria|p_Pseudomonadota|c_Alphaproteobacteria
NODE_38032_length_4167_cov_7.707928_1,MuxB,NODE_38032_length_4167_cov_7.707928,d_Bacteria|p_Pseudomonadota|c_Gammaproteobacteria|o_Moraxellales|f_Moraxellaceae|g_Aquirhabdus|s_Aquirhabdus parva
NODE_38132_length_2939_cov_2.353329_1,MuxB,NODE_38132_length_2939_cov_2.353329,d_Bacteria
NODE_3948_length_11837_cov_4.219233_3,MuxB,NODE_3948_length_11837_cov_4.219233,d_Bacteria
NODE_39490_length_4075_cov_6.991791_2,MuxB,NODE_39490_length_4075_cov_6.991791,d_Bacteria|p_Pseudomonadota|c_Alphaproteobacteria|o_Hyphomicrobiales
NODE_3974_length_11795_cov_3.148467_2,MuxB,NODE_3974_length_11795_cov_3.148467,d_Bacteria
NODE_3981_length_11781_cov_4.958127_3,MuxB,NODE_3981_length_11781_cov_4.958127,d_Bacteria
NODE_4052_length_11671_cov_3.990616_4,MuxB,NODE_4052_length_11671_cov_3.990616,d_Bacteria
NODE_41144_length_3480_cov_4.962336_2,MuxB,NODE_41144_length_3480_cov_4.962336,d_Bacteria
NODE_4214_length_11075_cov_5.148730_2,MuxB,NODE_4214_length_11075_cov_5.148730,d_Bacteria
NODE_4402_length_12827_cov_10.112747_2,MuxB,NODE_4402_length_12827_cov_10.112747,d_Bacteria|p_Pseudomonadota
NODE_451_length_42982_cov_7.620099_39,MuxB,NODE_451_length_42982_cov_7.620099,d_Bacteria
NODE_4720_length_12244_cov_7.626631_8,MuxB,NODE_4720_length_12244_cov_7.626631,d_Bacteria|p_Pseudomonadota
NODE_4789_length_12738_cov_18.099661_5,MuxB,NODE_4789_length_12738_cov_18.099661,d_Bacteria
NODE_4945_length_11869_cov_12.892416_5,MuxB,NODE_4945_length_11869_cov_12.892416,d_Bacteria|p_Pseudomonadota|c_Gammaproteobacteria|o_Methylococcales|f_Methylococcaceae
NODE_5593_length_9670_cov_3.145398_6,MuxB,NODE_5593_length_9670_cov_3.145398,d_Bacteria
NODE_56_length_88632_cov_5.840828_49,MuxB,NODE_56_length_88632_cov_5.840828,d_Bacteria|p_Pseudomonadota
NODE_5613_length_9776_cov_3.868944_2,MuxB,NODE_5613_length_9776_cov_3.868944,d_Bacteria
NODE_59448_length_2845_cov_3.125090_1,MuxB,NODE_59448_length_2845_cov_3.125090,d_Bacteria|p_Pseudomonadota
NODE_62008_length_2779_cov_3.232379_2,MuxB,NODE_62008_length_2779_cov_3.232379,d_Bacteria
NODE_622_length_34023_cov_5.639396_17,MuxB,NODE_622_length_34023_cov_5.639396,d_Bacteria
NODE_6248_length_9202_cov_3.633650_3,MuxB,NODE_6248_length_9202_cov_3.633650,d_Bacteria
NODE_6528_length_9739_cov_3.520549_2,MuxB,NODE_6528_length_9739_cov_3.520549,d_Bacteria|p_Pseudomonadota
NODE_69735_length_2925_cov_1.995819_1,MuxB,NODE_69735_length_2925_cov_1.995819,d_Bacteria
NODE_7186_length_5723_cov_2.274524_2,MuxB,NODE_7186_length_5723_cov_2.274524,d_Bacteria|p_Pseudomonadota
NODE_75_length_88063_cov_5.441505_17,MuxB,NODE_75_length_88063_cov_5.441505,d_Bacteria
NODE_7660_length_8227_cov_4.450685_4,MuxB,NODE_7660_length_8227_cov_4.450685,d_Bacteria
NODE_7753_length_9952_cov_4.121653_2,MuxB,NODE_7753_length_9952_cov_4.121653,d_Bacteria|p_Pseudomonadota
NODE_8052_length_9754_cov_5.457470_1,MuxB,NODE_8052_length_9754_cov_5.457470,d_Bacteria|p_Pseudomonadota|c_Betaproteobacteria|o_Burkholderiales|f_Comamonadaceae|g_Ramlibacter|s_Ramlibacter tataouinensis
NODE_8052_length_9754_cov_5.457470_4,MuxB,NODE_8052_length_9754_cov_5.457470,d_Bacteria|p_Pseudomonadota
NODE_8133_length_9702_cov_4.255831_5,MuxB,NODE_8133_length_9702_cov_4.255831,d_Bacteria
NODE_830_length_30002_cov_3.804288_22,MuxB,NODE_830_length_30002_cov_3.804288,d_Bacteria
NODE_8874_length_9282_cov_3.151729_3,MuxB,NODE_8874_length_9282_cov_3.151729,d_Bacteria
NODE_9406_length_7432_cov_27.216213_5,MuxB,NODE_9406_length_7432_cov_27.216213,d_Bacteria|p_Pseudomonadota
SV9_000000000004_213,MuxB,SV9_000000000004,d_Bacteria
SV9_000000000024_65,MuxB,SV9_000000000024,d_Bacteria
SV9_000000000024_66,MuxB,SV9_000000000024,d_Bacteria|p_Pseudomonadota|c_Alphaproteobacteria|o_Hyphomicrobiales
ML7_000000000010_18,tet(32),ML7_000000000010,d_Bacteria|_Terrabacteria group|p_Actinomycetota|c_Actinomycetes|o_Mycobacteriales|f_Mycobacteriaceae
JAITZL000000000.6/1_75,tet(36),JAITZL000000000.6/1,d_Bacteria|_FCB group|_Bacteroidota/Chlorobiota group|p_Bacteroidota
G2_000000023413_3,tet(43),G2_000000023413,d_Bacteria|_Terrabacteria group|p_Actinomycetota|c_Actinomycetes
G1_000000003512_9,tet(44),G1_000000003512,d_Bacteria|p_Pseudomonadota|c_Alphaproteobacteria|o_Rhodospirillales|f_Acetobacteraceae|g_Acidisoma|_unclassified Acidisoma|s_Acidisoma sp. PAMC 29798
ML2_000000000088_32,tet(44),ML2_000000000088,d_Bacteria|_PVC group|p_Planctomycetota|c_Planctomycetia|o_Isosphaerales|f_Isosphaeraceae|g_Singulisphaera|s_Singulisphaera acidiphila|_Singulisphaera acidiphila DSM 18658
NODE_18_length_88356_cov_22.423336_6,tet(O/W/32/O),NODE_18_length_88356_cov_22.423336,d_Bacteria|_Terrabacteria group|p_Actinomycetota|c_Actinomycetes|o_Micrococcales|f_Microbacteriaceae
JAITZE000000000.8/1_28,tet(T),JAITZE000000000.8/1,d_Bacteria|p_Pseudomonadota|c_Gammaproteobacteria|o_Legionellales|f_Coxiellaceae|g_Coxiella|s_Coxiella burnetii
JAITZF000000000.180/1_35,tet(T),JAITZF000000000.180/1,d_Bacteria|_FCB group|_Bacteroidota/Chlorobiota group|p_Bacteroidota|c_Sphingobacteriia|o_Sphingobacteriales|f_Aurantibacillaceae|g_Aurantibacillus|s_Aurantibacillus circumpalustris
ML2_000000000033_84,tet(T),ML2_000000000033,d_Bacteria|_FCB group|_Bacteroidota/Chlorobiota group|p_Bacteroidota
JAITZE000000000.14/1_194,tetA(46),JAITZE000000000.14/1,d_Bacteria|_FCB group|_Bacteroidota/Chlorobiota group|p_Bacteroidota|c_Sphingobacteriia|o_Sphingobacteriales|f_Sphingobacteriaceae
JAITZE000000000.7/1_191,tetA(46),JAITZE000000000.7/1,d_Bacteria
ML13_000000000063_58,tetA(46),ML13_000000000063,d_Bacteria|_FCB group|_Bacteroidota/Chlorobiota group|p_Bacteroidota
G1_000000000304_40,tetA(58),G1_000000000304,d_Bacteria|p_Pseudomonadota|c_Betaproteobacteria|o_Burkholderiales|_Burkholderiales genera incertae sedis|g_Rhizobacter|_unclassified Rhizobacter|s_Rhizobacter sp. AJA0813
G1_000000001338_14,tetA(58),G1_000000001338,d_Bacteria|p_Pseudomonadota|c_Betaproteobacteria|o_Burkholderiales
G1_000000029961_3,tetA(58),G1_000000029961,d_Bacteria
G2_000000000476_2,tetA(58),G2_000000000476,d_Bacteria|_Terrabacteria group|p_Actinomycetota|c_Actinomycetes|o_Kitasatosporales|f_Streptomycetaceae|g_Streptomyces|s_Streptomyces bathyalis
G3_000000079199_1,tetA(58),G3_000000079199,d_Bacteria|_Terrabacteria group|p_Actinomycetota|c_Actinomycetes|o_Kitasatosporales|f_Streptomycetaceae|g_Streptomyces|s_Streptomyces bathyalis
G4_000000041396_1,tetA(58),G4_000000041396,d_Bacteria|_Terrabacteria group|p_Actinomycetota|c_Actinomycetes|o_Kitasatosporales|f_Streptomycetaceae|g_Streptomyces|s_Streptomyces bathyalis
G8_000000016625_1,tetA(58),G8_000000016625,d_Bacteria|_Terrabacteria group|p_Actinomycetota|c_Actinomycetes|o_Kitasatosporales|f_Streptomycetaceae|g_Streptomyces|s_Streptomyces bathyalis
JAITZD000000000.15555/1_3,tetA(58),JAITZD000000000.15555/1,d_Bacteria|_Terrabacteria group|p_Actinomycetota|c_Actinomycetes
JAITZG000000000.235/1_20,tetA(58),JAITZG000000000.235/1,d_Bacteria|_Terrabacteria group|p_Chloroflexota
JAITZP000000000.17543/1_2,tetA(58),JAITZP000000000.17543/1,d_Bacteria|_Terrabacteria group|p_Actinomycetota|c_Actinomycetes|o_Kitasatosporales|f_Streptomycetaceae|g_Streptomyces|s_Streptomyces bathyalis
ML13_000000035660_5,tetA(58),ML13_000000035660,d_Bacteria|_Terrabacteria group|p_Actinomycetota|c_Actinomycetes|o_Kitasatosporales|f_Streptomycetaceae|g_Streptomyces|s_Streptomyces bathyalis
ML2_000000000016_138,tetA(58),ML2_000000000016,d_Bacteria|_Terrabacteria group|p_Actinomycetota|c_Actinomycetes|o_Micrococcales|f_Microbacteriaceae|g_Microbacterium
ML2_000000000016_176,tetA(58),ML2_000000000016,d_Bacteria|_Terrabacteria group|p_Actinomycetota|c_Actinomycetes|o_Micrococcales|f_Micrococcaceae|g_Paenarthrobacter|s_Paenarthrobacter ureafaciens
ML2_000000000095_49,tetA(58),ML2_000000000095,d_Bacteria|_Terrabacteria group|p_Actinomycetota|c_Actinomycetes|o_Micrococcales|f_Microbacteriaceae|g_Microbacterium
ML2_000000000095_51,tetA(58),ML2_000000000095,d_Bacteria|_Terrabacteria group|p_Actinomycetota|c_Actinomycetes|o_Micrococcales|f_Microbacteriaceae|g_Agreia|_unclassified Agreia|s_Agreia sp. COWG
ML2_000000000328_1,tetA(58),ML2_000000000328,d_Bacteria|p_Pseudomonadota
ML2_000000000705_21,tetA(58),ML2_000000000705,d_Bacteria|p_Pseudomonadota
ML7_000000000936_4,tetA(58),ML7_000000000936,d_Bacteria|_Terrabacteria group|p_Actinomycetota|c_Actinomycetes|o_Mycobacteriales|f_Mycobacteriaceae
NODE_114_length_71047_cov_6.538004_23,tetA(58),NODE_114_length_71047_cov_6.538004,d_Bacteria|_Terrabacteria group|p_Actinomycetota|c_Actinomycetes|o_Micrococcales|f_Microbacteriaceae|g_Cryobacterium|s_Cryobacterium breve
NODE_624_length_25495_cov_4.749017_18,tetA(58),NODE_624_length_25495_cov_4.749017,d_Bacteria|p_Pseudomonadota|c_Alphaproteobacteria
NODE_77_length_82078_cov_19.802190_30,tetA(58),NODE_77_length_82078_cov_19.802190,d_Bacteria|_Terrabacteria group|p_Actinomycetota|c_Actinomycetes|o_Streptosporangiales|f_Streptosporangiaceae|g_Streptosporangium|_unclassified Streptosporangium|s_Streptosporangium sp. 'caverna'
JAITZL000000000.16/1_14,tetB(60),JAITZL000000000.16/1,d_Bacteria|_FCB group|_Bacteroidota/Chlorobiota group|p_Bacteroidota|c_Sphingobacteriia|o_Sphingobacteriales|f_Aurantibacillaceae|g_Aurantibacillus|s_Aurantibacillus circumpalustris
G2_000000000010_193,tetB(P),G2_000000000010,d_Bacteria|_PVC group|p_Verrucomicrobiota|c_Spartobacteria|g_Candidatus Xiphinematobacter|_unclassified Candidatus Xiphinematobacter|s_Candidatus Xiphinematobacter sp. Idaho Grape
JAITZC000000000.4/1_30,tetB(P),JAITZC000000000.4/1,d_Bacteria|_FCB group|_Bacteroidota/Chlorobiota group|p_Bacteroidota|c_Sphingobacteriia|o_Sphingobacteriales|f_Sphingobacteriaceae
JAITZE000000000.14/1_37,tetB(P),JAITZE000000000.14/1,d_Bacteria|_FCB group|_Bacteroidota/Chlorobiota group|p_Bacteroidota|c_Chitinophagia|o_Chitinophagales|f_Chitinophagaceae|g_Chitinophaga|s_Chitinophaga caeni
NODE_95_length_76868_cov_14.323200_50,tetB(P),NODE_95_length_76868_cov_14.323200,d_Bacteria|_FCB group|_Bacteroidota/Chlorobiota group|p_Bacteroidota|c_Sphingobacteriia|o_Sphingobacteriales|f_Sphingobacteriaceae
G1_000000000347_56,vanE,G1_000000000347,d_Bacteria|p_Thermosulfidibacterota|c_Thermosulfidibacteria|o_Thermosulfidibacterales|f_Thermosulfidibacteraceae|g_Thermosulfidibacter|s_Thermosulfidibacter takaii|_Thermosulfidibacter takaii ABI70S6
JAITZC000000000.4/1_126,vanF,JAITZC000000000.4/1,d_Bacteria
JAITZL000000000.16/1_37,vanG,JAITZL000000000.16/1,d_Bacteria|_FCB group|_Bacteroidota/Chlorobiota group|p_Bacteroidota
SV9_000000000012_126,vanH ,SV9_000000000012,d_Bacteria|p_Pseudomonadota|c_Alphaproteobacteria|o_Hyphomicrobiales
JAITZO000000000.2101/1_8,vanH ,JAITZO000000000.2101/1,d_Bacteria|_Terrabacteria group|p_Actinomycetota|c_Rubrobacteria|o_Rubrobacterales|f_Rubrobacteraceae|g_Rubrobacter|s_Rubrobacter indicoceani
NODE_2390_length_18748_cov_3.666667_10,vanH ,NODE_2390_length_18748_cov_3.666667,d_Bacteria|p_Pseudomonadota|c_Alphaproteobacteria|o_Hyphomicrobiales|f_Nitrobacteraceae|g_Bradyrhizobium
ML2_000000000020_197,vanH ,ML2_000000000020,d_Bacteria|_Terrabacteria group|p_Actinomycetota|c_Actinomycetes|o_Micrococcales|f_Microbacteriaceae|g_Agreia|_unclassified Agreia|s_Agreia sp. COWG
NODE_4975_length_12461_cov_6.238594_11,vanH ,NODE_4975_length_12461_cov_6.238594,d_Bacteria|_Terrabacteria group|p_Actinomycetota|c_Actinomycetes|o_Micrococcales|f_Microbacteriaceae|g_Cryobacterium|s_Cryobacterium breve
SV9_000000000478_5,vanI,SV9_000000000478,d_Bacteria
JAITZE000000000.555/1_20,vanO,JAITZE000000000.555/1,d_Bacteria|_FCB group|_Bacteroidota/Chlorobiota group|p_Bacteroidota|c_Chitinophagia|o_Chitinophagales|f_Chitinophagaceae
G1_000000000304_52,vanR,G1_000000000304,d_Bacteria|_Terrabacteria group
JAITZE000000000.7/1_30,vanR,JAITZE000000000.7/1,d_Bacteria|p_Pseudomonadota|c_Gammaproteobacteria|o_Legionellales|f_Coxiellaceae|g_Aquicella|s_Aquicella lusitana
ML2_000000028582_4,vanR,ML2_000000028582,d_Bacteria|p_Pseudomonadota|c_Betaproteobacteria|o_Rhodocyclales|f_Zoogloeaceae|g_Thauera|s_Thauera aminoaromatica
NODE_19769_length_5152_cov_3.522660_1,vanR,NODE_19769_length_5152_cov_3.522660,d_Bacteria|p_Pseudomonadota|c_Betaproteobacteria
NODE_4_length_221362_cov_13.146417_178,vanR,NODE_4_length_221362_cov_13.146417,d_Bacteria
NODE_63103_length_2627_cov_6.258165_3,vanR,NODE_63103_length_2627_cov_6.258165,d_Bacteria|p_Pseudomonadota|c_Betaproteobacteria|o_Rhodocyclales
NODE_6543_length_8942_cov_4.783729_1,vanR,NODE_6543_length_8942_cov_4.783729,d_Bacteria|p_Pseudomonadota|c_Betaproteobacteria
NODE_7359_length_6932_cov_4.129853_4,vanR,NODE_7359_length_6932_cov_4.129853,d_Bacteria|p_Pseudomonadota|c_Betaproteobacteria|o_Rhodocyclales
SV9_000000000012_57,vanR,SV9_000000000012,d_Bacteria|p_Pseudomonadota|c_Alphaproteobacteria|o_Hyphomicrobiales|f_Nitrobacteraceae
SV8_000000000058_2,vanR,SV8_000000000058,d_Bacteria
JAITZC000000000.535/1_9,vanR,JAITZC000000000.535/1,d_Bacteria|p_Pseudomonadota|c_Betaproteobacteria|o_Burkholderiales|f_Burkholderiaceae|g_Paraburkholderia|s_Paraburkholderia sprentiae|_Paraburkholderia sprentiae WSM5005
JAITZM000000000.10/1_53,vanR,JAITZM000000000.10/1,d_Bacteria|p_Pseudomonadota|c_Betaproteobacteria|o_Nitrosomonadales|f_Nitrosomonadaceae|g_Nitrosospira
JAITZO000000000.4373/1_5,vanR,JAITZO000000000.4373/1,d_Bacteria|_Terrabacteria group|p_Actinomycetota|c_Nitriliruptoria|o_Euzebyales|f_Euzebyaceae|g_Euzebya|s_Euzebya pacifica
ML13_000000000083_53,vanR,ML13_000000000083,d_Bacteria|_FCB group|_Bacteroidota/Chlorobiota group|p_Bacteroidota|c_Chitinophagia|o_Chitinophagales|f_Chitinophagaceae|g_Ferruginibacter|s_Ferruginibacter lapsinanis
G1_000000000428_36,vanR,G1_000000000428,d_Bacteria|p_Pseudomonadota|c_Betaproteobacteria
G1_000000001368_8,vanR,G1_000000001368,d_Bacteria|p_Pseudomonadota|c_Betaproteobacteria|o_Rhodocyclales
G1_000000001709_13,vanR,G1_000000001709,d_Bacteria|p_Pseudomonadota|c_Betaproteobacteria
NODE_13_length_184112_cov_8.718484_109,vanR,NODE_13_length_184112_cov_8.718484,d_Bacteria
NODE_23602_length_5471_cov_4.720458_5,vanR,NODE_23602_length_5471_cov_4.720458,d_Bacteria|p_Pseudomonadota|c_Betaproteobacteria
NODE_45219_length_3161_cov_2.699936_1,vanR,NODE_45219_length_3161_cov_2.699936,d_Bacteria|p_Pseudomonadota|c_Betaproteobacteria
G1_000000001634_26,vanR,G1_000000001634,d_Bacteria|p_Pseudomonadota|c_Alphaproteobacteria|o_Hyphomicrobiales
JAITZL000000000.2121/1_11,vanS,JAITZL000000000.2121/1,d_Bacteria|_Terrabacteria group|p_Chloroflexota
NODE_110_length_78153_cov_6.864696_13,vanS,NODE_110_length_78153_cov_6.864696,d_Bacteria
SV9_000000000001_179,vanS,SV9_000000000001,d_Bacteria|p_Thermodesulfobacteriota
JAITZC000000000.50/1_20,vanS,JAITZC000000000.50/1,d_Bacteria|p_Pseudomonadota|c_Betaproteobacteria|o_Burkholderiales|f_Comamonadaceae|g_Polaromonas|_unclassified Polaromonas|s_Polaromonas sp. JS666
NODE_2_length_362965_cov_11.903050_65,vanS,NODE_2_length_362965_cov_11.903050,d_Bacteria
G2_000000000010_105,vanS,G2_000000000010,d_Bacteria|p_Thermodesulfobacteriota
G5_000000000019_53,vanS,G5_000000000019,d_Bacteria
JAITZE000000000.90/1_9,vanS,JAITZE000000000.90/1,d_Bacteria|_FCB group|_Bacteroidota/Chlorobiota group|p_Bacteroidota|c_Sphingobacteriia|o_Sphingobacteriales|f_Aurantibacillaceae|g_Aurantibacillus|s_Aurantibacillus circumpalustris
G1__000000001920__19,TaeA,G1__000000001920,d__Bacteria|__FCB group|__Bacteroidota/Chlorobiota group|p__Bacteroidota
G2__000000000037__108,TaeA,G2__000000000037,d__Bacteria|__FCB group|__Bacteroidota/Chlorobiota group|p__Chlorobiota|c__Chlorobiia|o__Chlorobiales
G7__000000010028__1,TaeA,G7__000000010028,d__Bacteria|__FCB group|__Bacteroidota/Chlorobiota group|p__Chlorobiota|c__Chlorobiia|o__Chlorobiales
JAITZE000000000.29/1__119,TaeA,JAITZE000000000.29/1,d__Bacteria|__FCB group|__Bacteroidota/Chlorobiota group|p__Bacteroidota
JAITZE000000000.32/1__39,TaeA,JAITZE000000000.32/1,d__Bacteria|__FCB group|__Bacteroidota/Chlorobiota group|p__Bacteroidota
JAITZE000000000.90/1__31,TaeA,JAITZE000000000.90/1,d__Bacteria|__FCB group|__Bacteroidota/Chlorobiota group|p__Bacteroidota|c__Sphingobacteriia|o__Sphingobacteriales|f__Aurantibacillaceae|g__Aurantibacillus|s__Aurantibacillus circumpalustris
JAITZI000000000.1007/1__8,TaeA,JAITZI000000000.1007/1,d__Bacteria|p__Pseudomonadota|c__Betaproteobacteria|o__Nitrosomonadales
JAITZI000000000.56/1__27,TaeA,JAITZI000000000.56/1,d__Bacteria|p__Pseudomonadota|c__Gammaproteobacteria|o__Legionellales|f__Legionellaceae
JAITZL000000000.16/1__75,TaeA,JAITZL000000000.16/1,d__Bacteria|__FCB group|__Bacteroidota/Chlorobiota group|p__Bacteroidota|c__Sphingobacteriia|o__Sphingobacteriales|f__Aurantibacillaceae|g__Aurantibacillus|s__Aurantibacillus circumpalustris
JAITZM000000000.244/1__20,TaeA,JAITZM000000000.244/1,d__Bacteria|p__Pseudomonadota|c__Gammaproteobacteria|o__Legionellales|f__Legionellaceae|g__Legionella
JAITZM000000000.3/1__61,TaeA,JAITZM000000000.3/1,d__Bacteria|p__Pseudomonadota|c__Gammaproteobacteria|o__Legionellales|f__Legionellaceae|g__Legionella|s__Legionella spiritensis
JAITZM000000000.73/1__46,TaeA,JAITZM000000000.73/1,d__Bacteria|p__Pseudomonadota|c__Gammaproteobacteria|o__Legionellales|f__Legionellaceae|g__Legionella
ML13__000000061106__1,TaeA,ML13__000000061106,d__Bacteria|__Terrabacteria group|p__Bacillota
ML2__000000000090__94,TaeA,ML2__000000000090,d__Bacteria|__FCB group|p__Gemmatimonadota|c__Gemmatimonadia|o__Gemmatimonadales|f__Gemmatimonadaceae|g__Gemmatimonas
ML7__000000000676__11,TaeA,ML7__000000000676,d__Bacteria|p__Pseudomonadota|c__Alphaproteobacteria|o__Caulobacterales|f__Caulobacteraceae|g__Caulobacter
NODE__110__length__78153__cov__6.864696__41,TaeA,NODE__110__length__78153__cov__6.864696,d__Bacteria|p__Pseudomonadota|c__Gammaproteobacteria|o__Steroidobacterales|f__Steroidobacteraceae|g__Steroidobacter|s__Steroidobacter denitrificans
NODE__15__length__133361__cov__21.035085__17,TaeA,NODE__15__length__133361__cov__21.035085,d__Bacteria|__Terrabacteria group|p__Actinomycetota|c__Actinomycetes|o__Micrococcales|f__Intrasporangiaceae
NODE__258__length__53230__cov__4.257527__6,TaeA,NODE__258__length__53230__cov__4.257527,d__Bacteria|p__Acidobacteriota|c__Terriglobia|o__Terriglobales|f__Acidobacteriaceae|g__Terriglobus|s__Terriglobus albidus
NODE__32237__length__2963__cov__2.630674__1,TaeA,NODE__32237__length__2963__cov__2.630674,d__Bacteria|__Terrabacteria group|__Cyanobacteriota/Melainabacteria group|p__Cyanobacteriota|c__Cyanophyceae|o__Gomontiellales|f__Chamaesiphonaceae|g__Chamaesiphon|s__Chamaesiphon minutus|__Chamaesiphon minutus PCC 6605
NODE__4080__length__8783__cov__2.704629__9,TaeA,NODE__4080__length__8783__cov__2.704629,d__Bacteria|__Terrabacteria group|p__Actinomycetota|c__Acidimicrobiia|o__Acidimicrobiales|f__Iamiaceae
NODE__415__length__44357__cov__5.589567__23,TaeA,NODE__415__length__44357__cov__5.589567,d__Bacteria|__FCB group|__Bacteroidota/Chlorobiota group|p__Bacteroidota
NODE__49__length__101635__cov__15.333993__86,TaeA,NODE__49__length__101635__cov__15.333993,d__Bacteria|__Terrabacteria group|p__Actinomycetota|c__Actinomycetes|o__Micrococcales|f__Intrasporangiaceae
NODE__66__length__92283__cov__23.313712__75,TaeA,NODE__66__length__92283__cov__23.313712,d__Bacteria|__Terrabacteria group|p__Actinomycetota|c__Actinomycetes|o__Micrococcales
NODE__92__length__56453__cov__4.215079__18,TaeA,NODE__92__length__56453__cov__4.215079,d__Bacteria|__FCB group|__Bacteroidota/Chlorobiota group|p__Bacteroidota|c__Chitinophagia|o__Chitinophagales|f__Chitinophagaceae|g__Ferruginibacter|s__Ferruginibacter albus
NODE__95__length__76868__cov__14.323200__47,TaeA,NODE__95__length__76868__cov__14.323200,d__Bacteria|__FCB group|__Bacteroidota/Chlorobiota group|p__Bacteroidota
G1__000000001758__4,rphB,G1__000000001758,d__Bacteria|__FCB group|__Bacteroidota/Chlorobiota group|p__Bacteroidota
G6__000000000501__18,rphB,G6__000000000501,d__Bacteria
G7__000000000001__41,rphB,G7__000000000001,d__Bacteria|__Terrabacteria group|p__Actinomycetota|c__Actinomycetes|o__Mycobacteriales|f__Mycobacteriaceae|g__Mycobacterium
JAITZD000000000.3277/1__4,rphB,JAITZD000000000.3277/1,d__Bacteria
JAITZE000000000.8/1__87,rphB,JAITZE000000000.8/1,d__Bacteria|p__Pseudomonadota
JAITZL000000000.711/1__4,rphB,JAITZL000000000.711/1,d__Bacteria
JAITZM000000000.12/1__60,rphB,JAITZM000000000.12/1,d__Bacteria|p__Pseudomonadota|c__Gammaproteobacteria|o__Legionellales|f__Legionellaceae|g__Legionella
JAITZM000000000.13/1__45,rphB,JAITZM000000000.13/1,d__Bacteria|p__Pseudomonadota|c__Gammaproteobacteria|o__Legionellales|f__Legionellaceae|g__Legionella
JAITZN000000000.6998/1__2,rphB,JAITZN000000000.6998/1,d__Bacteria
ML7__000000000168__18,rphB,ML7__000000000168,d__Bacteria|p__Pseudomonadota|c__Gammaproteobacteria|o__Lysobacterales|f__Lysobacteraceae|g__Lysobacter
NODE__12805__length__5204__cov__3.740726__3,rphB,NODE__12805__length__5204__cov__3.740726,d__Bacteria
NODE__2__length__362965__cov__11.903050__180,rphB,NODE__2__length__362965__cov__11.903050,d__Bacteria|__Terrabacteria group|__Cyanobacteriota/Melainabacteria group|p__Cyanobacteriota|c__Cyanophyceae|o__Leptolyngbyales|f__Leptolyngbyaceae|__Leptolyngbya group|g__Leptolyngbya|__unclassified Leptolyngbya|s__Leptolyngbya sp. 7M
NODE__23217__length__4541__cov__4.580027__2,rphB,NODE__23217__length__4541__cov__4.580027,d__Bacteria
NODE__4422__length__6762__cov__3.275682__2,rphB,NODE__4422__length__6762__cov__3.275682,d__Bacteria
NODE__91013__length__2136__cov__39.036521__1,rphB,NODE__91013__length__2136__cov__39.036521,d__Bacteria
G3__000000000101__14,efpA,G3__000000000101,d__Bacteria|__Terrabacteria group|p__Actinomycetota|c__Actinomycetes|o__Propionibacteriales|f__Nocardioidaceae|g__Nocardioides|s__Nocardioides panacis
G3__000000003447__12,efpA,G3__000000003447,d__Bacteria|__Terrabacteria group|p__Actinomycetota|c__Actinomycetes|o__Propionibacteriales|f__Kribbellaceae|g__Kribbella|s__Kribbella flavida|__Kribbella flavida DSM 17836
G7__000000001919__2,efpA,G7__000000001919,d__Bacteria|__Terrabacteria group|p__Actinomycetota|c__Actinomycetes|o__Mycobacteriales|f__Mycobacteriaceae|g__Mycobacterium
G7__000000013071__2,efpA,G7__000000013071,d__Bacteria|__Terrabacteria group|p__Actinomycetota|c__Actinomycetes|o__Mycobacteriales|f__Mycobacteriaceae|g__Mycolicibacterium
JAITZF000000000.27815/1__2,efpA,JAITZF000000000.27815/1,d__Bacteria|__Terrabacteria group|p__Actinomycetota|c__Actinomycetes|o__Propionibacteriales|f__Nocardioidaceae|g__Nocardioides|s__Nocardioides panacis
JAITZK000000000.177/1__9,efpA,JAITZK000000000.177/1,d__Bacteria|__Terrabacteria group|p__Actinomycetota|c__Actinomycetes
ML2__000000004613__3,efpA,ML2__000000004613,d__Bacteria|__Terrabacteria group|p__Actinomycetota|c__Acidimicrobiia|o__Acidimicrobiales|f__Iamiaceae|g__Iamia
ML2__000000041972__2,efpA,ML2__000000041972,d__Bacteria|__Terrabacteria group|p__Actinomycetota|c__Actinomycetes|o__Mycobacteriales|f__Mycobacteriaceae|g__Mycobacterium|__unclassified Mycobacterium|s__Mycobacterium sp. ITM201600318
ML2__000000059247__2,efpA,ML2__000000059247,d__Bacteria|__Terrabacteria group|p__Actinomycetota|c__Actinomycetes|o__Mycobacteriales|f__Mycobacteriaceae
ML7__000000000010__10,efpA,ML7__000000000010,d__Bacteria|__Terrabacteria group|p__Actinomycetota|c__Actinomycetes|o__Mycobacteriales|f__Mycobacteriaceae
NODE__28085__length__3286__cov__16.171154__2,efpA,NODE__28085__length__3286__cov__16.171154,d__Bacteria|__Terrabacteria group|p__Actinomycetota|c__Actinomycetes|o__Candidatus Nanopelagicales|f__Candidatus Nanopelagicaceae|g__Candidatus Planktophila
NODE__39841__length__4054__cov__4.990748__3,efpA,NODE__39841__length__4054__cov__4.990748,d__Bacteria|__Terrabacteria group|p__Actinomycetota|c__Actinomycetes|o__Micromonosporales|f__Micromonosporaceae|g__Dactylosporangium
NODE__5801__length__9496__cov__4.546764__8,efpA,NODE__5801__length__9496__cov__4.546764,d__Bacteria|__Terrabacteria group|p__Actinomycetota|c__Actinomycetes|o__Candidatus Nanopelagicales|f__Candidatus Nanopelagicaceae|g__Candidatus Planktophila
NODE__75832__length__2366__cov__2.917352__2,efpA,NODE__75832__length__2366__cov__2.917352,d__Bacteria|__Terrabacteria group|p__Actinomycetota|c__Actinomycetes|o__Candidatus Nanopelagicales|f__Candidatus Nanopelagicaceae|g__Candidatus Planktophila
NODE__7708__length__5058__cov__6.104737__5,efpA,NODE__7708__length__5058__cov__6.104737,d__Bacteria|__Terrabacteria group|p__Actinomycetota|c__Actinomycetes|o__Candidatus Nanopelagicales|f__Candidatus Nanopelagicaceae|g__Candidatus Planktophila
NODE__84478__length__2610__cov__4.104892__1,efpA,NODE__84478__length__2610__cov__4.104892,d__Bacteria|__Terrabacteria group|p__Actinomycetota|c__Actinomycetes|o__Jatrophihabitantales|f__Jatrophihabitantaceae|g__Jatrophihabitans|__unclassified Jatrophihabitans|s__Jatrophihabitans sp. GAS493
JAITZC000000000.2/1__135,efrA,JAITZC000000000.2/1,d__Bacteria|__Terrabacteria group
JAITZF000000000.865/1__4,efrA,JAITZF000000000.865/1,d__Bacteria|__Terrabacteria group|p__Actinomycetota|c__Rubrobacteria|o__Rubrobacterales|f__Rubrobacteraceae|g__Rubrobacter|s__Rubrobacter tropicus
NODE__13__length__184112__cov__8.718484__152,efrA,NODE__13__length__184112__cov__8.718484,d__Bacteria|p__Coprothermobacterota|c__Coprothermobacteria|o__Coprothermobacterales|f__Coprothermobacteraceae|g__Coprothermobacter|s__Coprothermobacter proteolyticus|__Coprothermobacter proteolyticus DSM 5265
NODE__1588__length__13678__cov__11.332526__8,efrA,NODE__1588__length__13678__cov__11.332526,d__Bacteria|__Terrabacteria group|p__Actinomycetota|c__Actinomycetes|o__Micrococcales|f__Dermacoccaceae|g__Luteipulveratus|s__Luteipulveratus mongoliensis
NODE__584__length__22223__cov__11.690500__8,efrA,NODE__584__length__22223__cov__11.690500,d__Bacteria|__Terrabacteria group|p__Actinomycetota|c__Actinomycetes
G1__000000000438__47,MuxC,G1__000000000438,d__Bacteria|p__Pseudomonadota|c__Alphaproteobacteria|o__Sphingomonadales
G1__000000001256__18,MuxC,G1__000000001256,d__Bacteria|p__Pseudomonadota|c__Alphaproteobacteria|o__Sphingomonadales
G1__000000004002__3,MuxC,G1__000000004002,d__Bacteria|p__Pseudomonadota|c__Alphaproteobacteria|o__Hyphomicrobiales
G1__000000004538__3,MuxC,G1__000000004538,d__Bacteria
G1__000000006808__2,MuxC,G1__000000006808,d__Bacteria|p__Pseudomonadota|c__Alphaproteobacteria|o__Hyphomicrobiales
G1__000000017271__2,MuxC,G1__000000017271,d__Bacteria
G1__000000017271__3,MuxC,G1__000000017271,d__Bacteria
G2__000000000010__43,MuxC,G2__000000000010,d__Bacteria
G2__000000001825__11,MuxC,G2__000000001825,d__Bacteria
G4__000000000640__19,MuxC,G4__000000000640,d__Bacteria|p__Pseudomonadota|c__Alphaproteobacteria|o__Hyphomicrobiales|__Hyphomicrobiales incertae sedis|g__Pseudorhodoplanes|s__Pseudorhodoplanes sinuspersici
G5__000000000752__6,MuxC,G5__000000000752,d__Bacteria|__PVC group|p__Planctomycetota|c__Planctomycetia
G6__000000000074__44,MuxC,G6__000000000074,d__Bacteria
G6__000000008091__3,MuxC,G6__000000008091,d__Bacteria
G6__000000012986__1,MuxC,G6__000000012986,d__Bacteria
G8__000000001146__3,MuxC,G8__000000001146,d__Bacteria
JAITZE000000000.45/1__107,MuxC,JAITZE000000000.45/1,d__Bacteria|p__Bdellovibrionota|c__Bacteriovoracia|o__Bacteriovoracales|f__Bacteriovoracaceae|g__Bacteriovorax|s__Bacteriovorax stolpii
JAITZL000000000.76/1__49,MuxC,JAITZL000000000.76/1,d__Bacteria
JAITZL000000000.8597/1__1,MuxC,JAITZL000000000.8597/1,d__Bacteria|p__Pseudomonadota|c__Gammaproteobacteria|o__Enterobacterales|f__Enterobacteriaceae|g__Escherichia|s__Escherichia coli
ML13__000000002145__7,MuxC,ML13__000000002145,d__Bacteria|p__Pseudomonadota|c__Alphaproteobacteria|o__Hyphomicrobiales|__Hyphomicrobiales incertae sedis|g__Pseudorhodoplanes|s__Pseudorhodoplanes sinuspersici
ML13__000000005148__2,MuxC,ML13__000000005148,d__Bacteria
NODE__1480__length__15786__cov__3.473460__6,MuxC,NODE__1480__length__15786__cov__3.473460,d__Bacteria|p__Pseudomonadota|c__Gammaproteobacteria|o__Enterobacterales
NODE__14812__length__5289__cov__2.945548__3,MuxC,NODE__14812__length__5289__cov__2.945548,d__Bacteria|p__Myxococcota|c__Myxococcia|o__Myxococcales|__Cystobacterineae|f__Anaeromyxobacteraceae|g__Anaeromyxobacter|s__Anaeromyxobacter oryzae
NODE__16589__length__6628__cov__3.614636__3,MuxC,NODE__16589__length__6628__cov__3.614636,d__Bacteria|p__Myxococcota|c__Myxococcia|o__Myxococcales|__Cystobacterineae|f__Anaeromyxobacteraceae|g__Anaeromyxobacter|s__Anaeromyxobacter oryzae
NODE__189__length__49458__cov__6.603648__47,MuxC,NODE__189__length__49458__cov__6.603648,d__Bacteria|p__Pseudomonadota
NODE__18920__length__6173__cov__4.953743__2,MuxC,NODE__18920__length__6173__cov__4.953743,d__Bacteria|p__Pseudomonadota|c__Alphaproteobacteria|o__Hyphomicrobiales|__Hyphomicrobiales incertae sedis|g__Pseudorhodoplanes|s__Pseudorhodoplanes sinuspersici
NODE__1996__length__19762__cov__8.333130__8,MuxC,NODE__1996__length__19762__cov__8.333130,d__Bacteria
NODE__258__length__53230__cov__4.257527__9,MuxC,NODE__258__length__53230__cov__4.257527,d__Bacteria
NODE__33657__length__4471__cov__4.319520__2,MuxC,NODE__33657__length__4471__cov__4.319520,d__Bacteria|p__Pseudomonadota
NODE__3948__length__11837__cov__4.219233__2,MuxC,NODE__3948__length__11837__cov__4.219233,d__Bacteria
NODE__4052__length__11671__cov__3.990616__3,MuxC,NODE__4052__length__11671__cov__3.990616,d__Bacteria
NODE__6527__length__7388__cov__2.303287__2,MuxC,NODE__6527__length__7388__cov__2.303287,d__Bacteria
NODE__7753__length__9952__cov__4.121653__3,MuxC,NODE__7753__length__9952__cov__4.121653,d__Bacteria
NODE__8052__length__9754__cov__5.457470__3,MuxC,NODE__8052__length__9754__cov__5.457470,d__Bacteria
NODE__8133__length__9702__cov__4.255831__6,MuxC,NODE__8133__length__9702__cov__4.255831,d__Bacteria|p__Pseudomonadota|c__Betaproteobacteria|o__Burkholderiales|f__Oxalobacteraceae
NODE__830__length__30002__cov__3.804288__21,MuxC,NODE__830__length__30002__cov__3.804288,d__Bacteria|p__Pseudomonadota
NODE__8874__length__9282__cov__3.151729__4,MuxC,NODE__8874__length__9282__cov__3.151729,d__Bacteria
