Source,Target,Type,Id,Label,timeset,r,p
aadA23,IS1166,Undirected,0,aadA23,,0.53484991,0.017211402
IMP-22,ISCR21,Undirected,1,IMP-22,,0.5911499,0.002858148
aadA23,ISCrsp1,Undirected,2,aadA23,,0.7154752,1.11E-05
tetX1,int3,Undirected,3,tetX1,,0.544644818,0.013837881
vanHO,int3,Undirected,4,vanHO,,0.685589339,4.88E-05
blaS1,istA1,Undirected,5,blaS1,,0.681404952,4.88E-05
dfrB6,istA1,Undirected,6,dfrB6,,0.681404952,4.88E-05
dfrB7,istA1,Undirected,7,dfrB7,,0.681404952,4.88E-05
OXA-2,istA17,Undirected,8,OXA-2,,1,0
tet(41),istA17,Undirected,9,tet(41),,1,0
tet(48),istA17,Undirected,10,tet(48),,0.7154752,1.11E-05
amrB_ami,istA7,Undirected,11,amrB_ami,,0.7154752,1.11E-05
OXA-2,istA7,Undirected,12,OXA-2,,0.681404952,4.88E-05
tet(41),istA7,Undirected,13,tet(41),,0.681404952,4.88E-05
tet(X5),istA7,Undirected,14,tet(X5),,0.5,0.047016217
vanHO,istA7,Undirected,15,vanHO,,0.526479678,0.02212089
FosB,tnp-ISCR5,Undirected,16,FosB,,1,0
AAC(3)-Id,tnp-ISCR5b,Undirected,17,AAC(3)-Id,,0.681404952,4.88E-05
bcrA,tnp-ISCR5b,Undirected,18,bcrA,,0.681404952,4.88E-05
EXO bl,tnp-ISCR5b,Undirected,19,EXO bl,,0.681404952,4.88E-05
JOHN-1,tnp-ISCR5b,Undirected,20,JOHN-1,,0.681404952,4.88E-05
SFH-1,tnp-ISCR5b,Undirected,21,SFH-1,,0.681404952,4.88E-05
FosB,tnp-ISCR5b,Undirected,22,FosB,,0.7154752,1.11E-05
OprM,tnp-ISCR5b,Undirected,23,OprM,,0.681404952,4.88E-05
tet(M),tnp-ISCR5b,Undirected,24,tet(M),,0.681404952,4.88E-05
DfrB9,tnp-ISCR5b,Undirected,25,DfrB9,,0.681404952,4.88E-05
vanA,tnp-ISCR5b,Undirected,26,vanA,,0.681404952,4.88E-05
TaeA,tnpA(IS5),Undirected,27,TaeA,,0.5911499,0.002858148
AAC(3)-IIIc,tnpA13,Undirected,28,AAC(3)-IIIc,,1,0
AAC(3)-IVb,tnpA13,Undirected,29,AAC(3)-IVb,,0.53484991,0.017211402
AAC(6')-31,tnpA13,Undirected,30,AAC(6')-31,,0.7154752,1.11E-05
AAC(6')-Ib',tnpA13,Undirected,31,AAC(6')-Ib',,1,0
APH(3')-Ia,tnpA13,Undirected,32,APH(3')-Ia,,0.53484991,0.017211402
CGA-1,tnpA13,Undirected,33,CGA-1,,1,0
CPS-1,tnpA13,Undirected,34,CPS-1,,1,0
FIA-1,tnpA13,Undirected,35,FIA-1,,1,0
OXA-209,tnpA13,Undirected,36,OXA-209,,1,0
cmx,tnpA13,Undirected,37,cmx,,1,0
AbaF_Ab,tnpA13,Undirected,38,AbaF_Ab,,0.681404952,4.88E-05
macA,tnpA13,Undirected,39,macA,,0.562999905,0.007503799
MexA,tnpA13,Undirected,40,MexA,,1,0
mexP,tnpA13,Undirected,41,mexP,,1,0
OpmH,tnpA13,Undirected,42,OpmH,,0.7154752,1.11E-05
OprN,tnpA13,Undirected,43,OprN,,0.53484991,0.017211402
RanB,tnpA13,Undirected,44,RanB,,1,0
AbaQ_Ab,tnpA13,Undirected,45,AbaQ_Ab,,1,0
QepA4,tnpA13,Undirected,46,QepA4,,0.7154752,1.11E-05
tet(30),tnpA13,Undirected,47,tet(30),,0.681404952,4.88E-05
vanXI,tnpA13,Undirected,48,vanXI,,0.53484991,0.017211402
AAC(3)-Id,tnpAN,Undirected,49,AAC(3)-Id,,0.7154752,1.11E-05
APH(7'')-Ia,tnpAN,Undirected,50,APH(7'')-Ia,,0.681404952,4.88E-05
bcrA,tnpAN,Undirected,51,bcrA,,0.7154752,1.11E-05
EXO bl,tnpAN,Undirected,52,EXO bl,,0.7154752,1.11E-05
JOHN-1,tnpAN,Undirected,53,JOHN-1,,0.7154752,1.11E-05
SFH-1,tnpAN,Undirected,54,SFH-1,,0.7154752,1.11E-05
THIN-B bl,tnpAN,Undirected,55,THIN-B bl,,0.5,0.047016217
AbaF_Ab,tnpAN,Undirected,56,AbaF_Ab,,0.5,0.047016217
OprM,tnpAN,Undirected,57,OprM,,0.7154752,1.11E-05
tet(M),tnpAN,Undirected,58,tet(M),,0.7154752,1.11E-05
DfrB9,tnpAN,Undirected,59,DfrB9,,0.7154752,1.11E-05
vanA,tnpAN,Undirected,60,vanA,,0.7154752,1.11E-05
aadA23,tnpAcp2,Undirected,61,aadA23,,0.53484991,0.017211402
blaS1,tnpAcp2,Undirected,62,blaS1,,0.562999905,0.007503799
dfrB6,tnpAcp2,Undirected,63,dfrB6,,0.562999905,0.007503799
dfrB7,tnpAcp2,Undirected,64,dfrB7,,0.562999905,0.007503799
