Node,Type,Abun,data.type
AAC(3)-IIIc,Aminoglycoside,0.000312405,ARGs
AAC(3)-IVb,Aminoglycoside,0.001743611,ARGs
AAC(6')-31,Aminoglycoside,0.000352134,ARGs
AAC(6')-Ib',Aminoglycoside,0.000401253,ARGs
APH(3')-Ia,Aminoglycoside,0.003937551,ARGs
CGA-1,beta_lactam,0.000821744,ARGs
CPS-1,beta_lactam,0.000300555,ARGs
FIA-1,beta_lactam,0.000333572,ARGs
OXA-209,beta_lactam,0.000381727,ARGs
cmx,Chloramphenicol,0.000188825,ARGs
macA,MLS,4.83E-05,ARGs
MexA,multidrug,4.83E-05,ARGs
mexP,multidrug,7.01E-05,ARGs
OpmH,multidrug,7.44E-05,ARGs
OprN,multidrug,0.000716518,ARGs
RanB,multidrug,0.001041637,ARGs
AbaQ_Ab,Quinolone,0.000191381,ARGs
QepA4,Quinolone,0.000295617,ARGs
tet(30),tetracycline,0.00020844,ARGs
tnpA13,Transposase ,1.21E-05,MGEs
vanXI,Vancomycin,0.000495328,ARGs
,,,
IMP-22,beta_lactam,0.007534162,ARGs
ISCR21,Insertion Sequence Common Regions,7.39E-05,MGEs
,,,
TaeA,Pleuromutilin_tiamulin,0.000451755,ARGs
tnpA(IS5),Transposase ,7.19E-05,MGEs
,,,
AAC(3)-Id,Aminoglycoside,0.000536012,ARGs
AbaF_Ab,fosfomycin,0.000345343,ARGs
APH(7'')-Ia,Aminoglycoside,0.005832497,ARGs
bcrA,Bacitracin,9.63E-05,ARGs
DfrB9,trimethoprim,0.000797974,ARGs
EXO bl,beta_lactam,0.000282711,ARGs
FosB,fosfomycin,0.008195522,ARGs
JOHN-1,beta_lactam,0.000292119,ARGs
OprM,multidrug,0.000182175,ARGs
SFH-1,beta_lactam,0.000405528,ARGs
tet(M),tetracycline,9.90E-05,ARGs
THIN-B bl,beta_lactam,0.000192409,ARGs
tnpAN,Transposase ,0.000178255,MGEs
tnp-ISCR5,Transposase ,7.14E-05,MGEs
tnp-ISCR5b,Transposase ,9.29E-05,MGEs
vanA,Vancomycin,0.000220136,ARGs
,,,
aadA23,Aminoglycoside,0.003688152,ARGs
blaS1,beta_lactam,0.000281312,ARGs
dfrB6,trimethoprim,0.000993637,ARGs
dfrB7,trimethoprim,0.001050185,ARGs
IS1166,Insertion Sequences,6.33E-05,MGEs
ISCrsp1,Insertion Sequence Common Regions,7.45E-06,MGEs
istA1,IS Related ,4.66E-05,MGEs
tnpAcp2,Transposase ,1.56E-05,MGEs
,,,
amrB_ami,Aminoglycoside,4.21E-05,ARGs
int3,Integrons,0.000297994,MGEs
istA17,IS Related ,2.10E-06,MGEs
istA7,IS Related ,8.16E-06,MGEs
OXA-2,beta_lactam,0.000177689,ARGs
tet(41),tetracycline,9.59E-05,ARGs
tet(48),tetracycline,0.00026374,ARGs
tet(X5),tetracycline,0.000383272,ARGs
tetX1,tetracycline,0.000412851,ARGs
vanHO,Vancomycin,0.000311404,ARGs
