﻿ARO_Name,ARO,Drug_Class,ARG_Class,Resistance_Mechanism,AMR_Gene_Family,Freq,MeanAbun,gene
AAC(2')-Ib,aminoglycoside__AAC(2')-Ib,Aminoglycoside,Aminoglycoside, antibiotic inactivation,AAC(2'),4,0.000712583,AAC(2')-Ib
AAC(2')-Ic,aminoglycoside__AAC(2')-Ic,Aminoglycoside,Aminoglycoside, antibiotic inactivation,AAC(2'),2,0.000499049,AAC(2')-Ic
AAC(3)-Id,aminoglycoside__AAC(3)-Id,Aminoglycoside,Aminoglycoside, antibiotic inactivation,AAC(3),1,0.000536012,AAC(3)-Id
AAC(3)-IIIb,aminoglycoside__AAC(3)-IIIb,Aminoglycoside,Aminoglycoside, antibiotic inactivation,AAC(3),2,0.001639049,AAC(3)-IIIb
AAC(3)-IIIc,aminoglycoside__AAC(3)-IIIc,Aminoglycoside,Aminoglycoside, antibiotic inactivation,AAC(3),1,0.000312405,AAC(3)-IIIc
AAC(3)-IVb,aminoglycoside__AAC(3)-IVb,Aminoglycoside,Aminoglycoside, antibiotic inactivation,AAC(3),3,0.001743611,AAC(3)-IVb
AAC(6')-31,aminoglycoside__AAC(6')-31,Aminoglycoside,Aminoglycoside, antibiotic inactivation,AAC(6'),2,0.000352134,AAC(6')-31
AAC(6')-Ib',aminoglycoside__AAC(6')-Ib',Aminoglycoside,Aminoglycoside, antibiotic inactivation,AAC(6'),1,0.000401253,AAC(6')-Ib'
AAC(6')-IIa,aminoglycoside__AAC(6')-IIa,Aminoglycoside,Aminoglycoside, antibiotic inactivation,AAC(6'),2,0.001700724,AAC(6')-IIa
AAC(6')-Isa,aminoglycoside__AAC(6')-Isa,Aminoglycoside,Aminoglycoside, antibiotic inactivation,AAC(6'),1,0.000141,AAC(6')-Isa
aadA,aminoglycoside__aadA,Aminoglycoside,Aminoglycoside, antibiotic inactivation,aadA,1,0.007824792,aadA
aadA23,aminoglycoside__aadA23,Aminoglycoside,Aminoglycoside, antibiotic inactivation,aadA23,1,0.003688152,aadA23
amrB_ami,aminoglycoside__amrB,Aminoglycoside,Aminoglycoside, antibiotic inactivation,amrB,1,4.21056E-05,amrB_ami
APH(3')-Ia,aminoglycoside__APH(3')-Ia,Aminoglycoside,Aminoglycoside, antibiotic inactivation,APH(3'),3,0.003937551,APH(3')-Ia
APH(6)-Id,aminoglycoside__APH(6)-Id,Aminoglycoside,Aminoglycoside, antibiotic inactivation,APH(6),1,0.000487315,APH(6)-Id
APH(7'')-Ia,aminoglycoside__APH(7'')-Ia,Aminoglycoside,Aminoglycoside, antibiotic inactivation,APH(7''),1,0.005832497,APH(7'')-Ia
bacA,bacitracin__bacA,Bacitracin,Bacitracin,antibiotic inactivation,bacA,30,0.014340391,bacA
bcrA,bacitracin__bcrA,Bacitracin,Bacitracin,antibiotic inactivation,bcrA,1,9.62604E-05,bcrA
ALG6-1,beta_lactam__ALG6-1,beta_lactam,beta_lactam,antibiotic target protection,ALG6,1,0.001566552,ALG6-1
BJP-1,beta_lactam__BJP-1,beta_lactam,beta_lactam,antibiotic target protection,BJP,5,0.00138761,BJP-1
blaC,beta_lactam__blaC,beta_lactam,beta_lactam,antibiotic target protection,blaC,1,0.001093682,blaC
blaS1,beta_lactam__blaS1,beta_lactam,beta_lactam,antibiotic target protection,blaS,1,0.000281312,blaS1
CAM-1,beta_lactam__CAM-1,beta_lactam,beta_lactam,antibiotic target protection,CAM,1,0.009160131,CAM-1
CGA-1,beta_lactam__CGA-1,beta_lactam,beta_lactam,antibiotic target protection,CGA,1,0.000821744,CGA-1
CPS-1,beta_lactam__CPS-1,beta_lactam,beta_lactam,antibiotic target protection,CPS,1,0.000300555,CPS-1
CRD3-1,beta_lactam__CRD3-1,beta_lactam,beta_lactam,antibiotic target protection,CRD3,6,0.002295293,CRD3-1
EXO bl,beta_lactam__EXO beta-lactamase,beta_lactam,beta_lactam,antibiotic target protection,EXO_betalactamase,1,0.000282711,EXO bl
FEZ-1,beta_lactam__FEZ-1,beta_lactam,beta_lactam,antibiotic target protection,FEZ-1,5,0.000610325,FEZ-1
FIA-1,beta_lactam__FIA-1,beta_lactam,beta_lactam,antibiotic target protection,FIA-1,1,0.000333572,FIA-1
IMP-22,beta_lactam__IMP-22,beta_lactam,beta_lactam,antibiotic target protection,IMP-22,1,0.007534162,IMP-22
JOHN-1,beta_lactam__JOHN-1,beta_lactam,beta_lactam,antibiotic target protection,JOHN-1,1,0.000292119,JOHN-1
LRA-10,beta_lactam__LRA-10,beta_lactam,beta_lactam,antibiotic target protection,LRA,1,0.000165289,LRA-10
LRA-12,beta_lactam__LRA-12,beta_lactam,beta_lactam,antibiotic target protection,LRA,5,0.000503745,LRA-12
LRA-19,beta_lactam__LRA-19,beta_lactam,beta_lactam,antibiotic target protection,LRA,1,0.000233596,LRA-19
LRA-3,beta_lactam__LRA-3,beta_lactam,beta_lactam,antibiotic target protection,LRA,9,0.001336707,LRA-3
LRA-5,beta_lactam__LRA-5,beta_lactam,beta_lactam,antibiotic target protection,LRA,1,0.000580761,LRA-5
LRA-7,beta_lactam__LRA-7,beta_lactam,beta_lactam,antibiotic target protection,LRA,4,0.000253883,LRA-7
LRA-9,beta_lactam__LRA-9,beta_lactam,beta_lactam,antibiotic target protection,LRA,6,0.001105998,LRA-9
OXA-15,beta_lactam__OXA-15,beta_lactam,beta_lactam,antibiotic target protection,OXA,1,0.000546431,OXA-15
OXA-2,beta_lactam__OXA-2,beta_lactam,beta_lactam,antibiotic target protection,OXA,1,0.000177689,OXA-2
OXA-20,beta_lactam__OXA-20,beta_lactam,beta_lactam,antibiotic target protection,OXA,2,0.000366335,OXA-20
OXA-209,beta_lactam__OXA-209,beta_lactam,beta_lactam,antibiotic target protection,OXA,1,0.000381727,OXA-209
OXA-29,beta_lactam__OXA-29,beta_lactam,beta_lactam,antibiotic target protection,OXA,2,0.000203814,OXA-29
OXA-37,beta_lactam__OXA-37,beta_lactam,beta_lactam,antibiotic target protection,OXA,1,0.000451755,OXA-37
OXA-50,beta_lactam__OXA-50,beta_lactam,beta_lactam,antibiotic target protection,OXA,2,0.000426162,OXA-50
PEDO-1,beta_lactam__PEDO-1,beta_lactam,beta_lactam,antibiotic target protection,PEDO-1,3,0.0002238,PEDO-1
PLN-1,beta_lactam__PLN-1,beta_lactam,beta_lactam,antibiotic target protection,PLN-1,1,0.003159127,PLN-1
SFH-1,beta_lactam__SFH-1,beta_lactam,beta_lactam,antibiotic target protection,SFH-1,1,0.000405528,SFH-1
THIN-B bl,beta_lactam__THIN-B beta-lactamase,beta_lactam,beta_lactam,antibiotic target protection,THIN-B bl,2,0.000192409,THIN-B bl
cmlv,chloramphenicol__cmlv,Chloramphenicol,Chloramphenicol,antibiotic inactivation,cmlv,2,0.00139228,cmlv
cmx,chloramphenicol__cmx,Chloramphenicol,Chloramphenicol,antibiotic inactivation,cmx,1,0.000188825,cmx
AbaF_Ab,fosfomycin__Acinetobacter baumannii AbaF,fosfomycin,fosfomycin,antibiotic efflux,AbaF_Ab,2,0.000345343,AbaF_Ab
FosB,fosfomycin__FosB,fosfomycin,fosfomycin,antibiotic efflux,FosB,1,0.008195522,FosB
LpeB,macrolide-lincosamide-streptogramin__LpeB,MLS,MLS,antibiotic inactivation,LpeB,2,3.6087E-05,LpeB
macA,macrolide-lincosamide-streptogramin__macA,MLS,MLS,antibiotic inactivation,macA,3,4.82626E-05,macA
macB,macrolide-lincosamide-streptogramin__macB,MLS,MLS,antibiotic inactivation,macB,12,6.79076E-05,macB
ole(C),macrolide-lincosamide-streptogramin__ole(C),MLS,MLS,antibiotic inactivation,ole(C),4,0.000319847,ole(C)
oleD,macrolide-lincosamide-streptogramin__oleD,MLS,MLS,antibiotic inactivation,oleD,1,0.000230078,oleD
vat(F),macrolide-lincosamide-streptogramin__vat(F),MLS,MLS,antibiotic inactivation,vat(F),5,0.001030123,vat(F)
abcA,multidrug__abcA,multidrug,multidrug,antibiotic efflux,abcA,4,0.000533014,abcA
acrF,multidrug__acrF,multidrug,multidrug,antibiotic efflux,acrF,17,0.000209353,acrF
adeF,multidrug__adeF,multidrug,multidrug,antibiotic efflux,ade,24,0.000494394,adeF
adeH,multidrug__adeH,multidrug,multidrug,antibiotic efflux,ade,1,4.17582E-05,adeH
amrB_md,multidrug__amrB,multidrug,multidrug,antibiotic efflux,amrB_md,9,6.49648E-05,amrB_md
bpeF,multidrug__bpeF,multidrug,multidrug,antibiotic efflux,bpeF,13,0.000129449,bpeF
ceoB,multidrug__ceoB,multidrug,multidrug,antibiotic efflux,ceoB,22,0.000400362,ceoB
efpA,multidrug__efpA,multidrug,multidrug,antibiotic efflux,efpA,13,0.000966899,efpA
efrB,multidrug__efrB,multidrug,multidrug,antibiotic efflux,efrB,1,7.50154E-05,efrB
emrA,multidrug__emrA,multidrug,multidrug,antibiotic efflux,emrA,1,1.3395E-05,emrA
emrB,multidrug__emrB,multidrug,multidrug,antibiotic efflux,emrB,2,4.87811E-05,emrB
mdsB,multidrug__mdsB,multidrug,multidrug,antibiotic efflux,mdsB,5,5.46455E-05,mdsB
mdtF,multidrug__mdtF,multidrug,multidrug,antibiotic efflux,mdtF,4,2.62395E-05,mdtF
MexA,multidrug__MexA,multidrug,multidrug,antibiotic efflux,MexA,1,4.83184E-05,MexA
MexB,multidrug__MexB,multidrug,multidrug,antibiotic efflux,MexB,23,0.000689535,MexB
MexD,multidrug__MexD,multidrug,multidrug,antibiotic efflux,MexD,5,6.56572E-05,MexD
MexE,multidrug__MexE,multidrug,multidrug,antibiotic efflux,MexE,6,0.00044596,MexE
MexF,multidrug__MexF,multidrug,multidrug,antibiotic efflux,MexF,30,0.001314107,MexF
mexK,multidrug__mexK,multidrug,multidrug,antibiotic efflux,mexK,30,0.000631957,mexK
mexN,multidrug__mexN,multidrug,multidrug,antibiotic efflux,mexN,10,0.000102454,mexN
mexP,multidrug__mexP,multidrug,multidrug,antibiotic efflux,mexP,1,7.01373E-05,mexP
mexQ,multidrug__mexQ,multidrug,multidrug,antibiotic efflux,mexQ,15,0.000754082,mexQ
mexW,multidrug__mexW,multidrug,multidrug,antibiotic efflux,mexW,20,0.000513134,mexW
msbA,multidrug__msbA,multidrug,multidrug,antibiotic efflux,msbA,9,0.000401068,msbA
mtrD,multidrug__mtrD,multidrug,multidrug,antibiotic efflux,mtrD,6,7.85932E-05,mtrD
MuxB,multidrug__MuxB,multidrug,multidrug,antibiotic efflux,MuxB,29,0.002151961,MuxB
MuxC,multidrug__MuxC,multidrug,multidrug,antibiotic efflux,MuxC,19,0.00050161,MuxC
OpmH,multidrug__OpmH,multidrug,multidrug,antibiotic efflux,OpmH,2,7.43832E-05,OpmH
oprA,multidrug__oprA,multidrug,multidrug,antibiotic efflux,oprA,2,0.000409753,oprA
oprC,multidrug__oprC,multidrug,multidrug,antibiotic efflux,oprC,14,6.51572E-05,oprC
OprM,multidrug__OprM,multidrug,multidrug,antibiotic efflux,OprM,1,0.000182175,OprM
OprN,multidrug__OprN,multidrug,multidrug,antibiotic efflux,OprN,3,0.000716518,OprN
oqxB,multidrug__oqxB,multidrug,multidrug,antibiotic efflux,oqxB,21,0.000302567,oqxB
RanA,multidrug__RanA,multidrug,multidrug,antibiotic efflux,RanA,5,0.000601465,RanA
RanB,multidrug__RanB,multidrug,multidrug,antibiotic efflux,RanB,1,0.001041637,RanB
sdeY,multidrug__sdeY,multidrug,multidrug,antibiotic efflux,sdeY,15,0.000146768,sdeY
smeE,multidrug__smeE,multidrug,multidrug,antibiotic efflux,sme,22,0.000198874,smeE
smeF,multidrug__smeF,multidrug,multidrug,antibiotic efflux,sme,1,0.000172294,smeF
tap,multidrug__tap,multidrug,multidrug,antibiotic efflux,tap,13,0.001210321,tap
tolC,multidrug__tolC,multidrug,multidrug,antibiotic efflux,tolC,6,0.000426433,tolC
ileS_Bi,mupirocin__Bifidobacteria intrinsic ileS conferring resistance to mupirocin,Mupirocin,Mupirocin,antibiotic inactivation,ileS_Bi,17,0.000860057,ileS_Bi
novA,novobiocin__novA,Novobiocin,Novobiocin,antibiotic efflux,novA,31,0.003742541,novA
TaeA,pleuromutilin_tiamulin__TaeA,Pleuromutilin_tiamulin,Pleuromutilin_tiamulin,antibiotic target alteration,TaeA,3,0.000451755,TaeA
arnA,polymyxin__arnA,Polymyxin,Polymyxin,antibiotic efflux,arnA,12,0.000457707,arnA
pmrF,polymyxin__pmrF,Polymyxin,Polymyxin,antibiotic efflux,pmrF,1,0.000439046,pmrF
rosA,polymyxin__rosA,Polymyxin,Polymyxin,antibiotic efflux,rosA,19,0.001185844,rosA
rosB,polymyxin__rosB,Polymyxin,Polymyxin,antibiotic efflux,rosB,15,0.000385197,rosB
ugd,polymyxin__ugd,Polymyxin,Polymyxin,antibiotic efflux,ugd,12,0.001641274,ugd
AbaQ_Ab,quinolone__Acinetobacter baumannii AbaQ,Quinolone,Quinolone,antibiotic efflux,AbaQ_Ab,1,0.000191381,AbaQ_Ab
lfrA,quinolone__lfrA,Quinolone,Quinolone,antibiotic efflux,lfrA,10,0.000387707,lfrA
mfpA,quinolone__mfpA,Quinolone,Quinolone,antibiotic efflux,mfpA,2,0.001704905,mfpA
qepA,quinolone__qepA,Quinolone,Quinolone,antibiotic efflux,qepA,5,0.000202709,qepA
QepA4,quinolone__QepA4,Quinolone,Quinolone,antibiotic efflux,QepA4,2,0.000295617,QepA4
arr-1,rifamycin__arr-1,Rifamycin,Rifamycin,antibiotic inactivation,arr-1,6,0.002203518,arr-1
iri,rifamycin__iri,Rifamycin,Rifamycin,antibiotic inactivation,iri,20,0.001389641,iri
RbpA,rifamycin__RbpA,Rifamycin,Rifamycin,antibiotic inactivation,RbpA,6,0.002948089,RbpA
rgt1438,rifamycin__rgt1438,Rifamycin,Rifamycin,antibiotic inactivation,rgt1438,3,0.000898927,rgt1438
rphA,rifamycin__rphA,Rifamycin,Rifamycin,antibiotic inactivation,rphA,25,0.00136242,rphA
rphB,rifamycin__rphB,Rifamycin,Rifamycin,antibiotic inactivation,rphB,25,0.002549695,rphB
tcmA,tetracenomycin_C__tcmA,Tetracenomycin,Tetracenomycin,antibiotic target alteration,tcmA,7,0.001074083,tcmA
otr(A),tetracycline__otr(A),tetracycline,tetracycline,antibiotic efflux,otr(A),15,0.000526823,otr(A)
tet(30),tetracycline__tet(30),tetracycline,tetracycline,antibiotic efflux,tet(30),2,0.00020844,tet(30)
tet(35),tetracycline__tet(35),tetracycline,tetracycline,antibiotic efflux,tet(35),1,0.000219432,tet(35)
tet(41),tetracycline__tet(41),tetracycline,tetracycline,antibiotic efflux,tet(41),1,9.58528E-05,tet(41)
tet(43),tetracycline__tet(43),tetracycline,tetracycline,antibiotic efflux,tet(43),9,0.000519131,tet(43)
tet(47),tetracycline__tet(47),tetracycline,tetracycline,antibiotic efflux,tet(47),13,0.001705628,tet(47)
tet(48),tetracycline__tet(48),tetracycline,tetracycline,antibiotic efflux,tet(48),2,0.00026374,tet(48)
tet(49),tetracycline__tet(49),tetracycline,tetracycline,antibiotic efflux,tet(49),14,0.001232602,tet(49)
tet(51),tetracycline__tet(51),tetracycline,tetracycline,antibiotic efflux,tet(51),3,0.00019864,tet(51)
tet(52),tetracycline__tet(52),tetracycline,tetracycline,antibiotic efflux,tet(52),1,0.000102695,tet(52)
tet(53),tetracycline__tet(53),tetracycline,tetracycline,antibiotic efflux,tet(53),3,0.000391713,tet(53)
tet(54),tetracycline__tet(54),tetracycline,tetracycline,antibiotic efflux,tet(54),4,0.001466075,tet(54)
tet(56),tetracycline__tet(56),tetracycline,tetracycline,antibiotic efflux,tet(56),6,0.000477253,tet(56)
tet(M),tetracycline__tet(M),tetracycline,tetracycline,antibiotic efflux,tet(M),1,9.90021E-05,tet(M)
tet(V),tetracycline__tet(V),tetracycline,tetracycline,antibiotic efflux,tet(V),10,0.000549345,tet(V)
tet(X3),tetracycline__tet(X3),tetracycline,tetracycline,antibiotic efflux,tet(X3),1,0.000113633,tet(X3)
tet(X5),tetracycline__tet(X5),tetracycline,tetracycline,antibiotic efflux,tet(X5),2,0.000383272,tet(X5)
tetA(48),tetracycline__tetA(48),tetracycline,tetracycline,antibiotic efflux,tetA(48),12,0.00096864,tetA(48)
tetB(48),tetracycline__tetB(48),tetracycline,tetracycline,antibiotic efflux,tetB,3,0.00034341,tetB(48)
tetB(P),tetracycline__tetB(P),tetracycline,tetracycline,antibiotic efflux,tetB,11,0.000173802,tetB(P)
tetX1,tetracycline__tetX1,tetracycline,tetracycline,antibiotic efflux,tetX1,3,0.000412851,tetX1
dfrB2,trimethoprim__dfrB2,trimethoprim,trimethoprim,antibiotic target protection,dfrB,7,0.003919591,dfrB2
dfrB3,trimethoprim__dfrB3,trimethoprim,trimethoprim,antibiotic target protection,dfrB,4,0.001513807,dfrB3
dfrB6,trimethoprim__dfrB6,trimethoprim,trimethoprim,antibiotic target protection,dfrB,1,0.000993637,dfrB6
dfrB7,trimethoprim__dfrB7,trimethoprim,trimethoprim,antibiotic target protection,dfrB,1,0.001050185,dfrB7
DfrB9,trimethoprim__DfrB9,trimethoprim,trimethoprim,antibiotic target protection,DfrB9,1,0.000797974,DfrB9
vanA,vancomycin__vanA,Vancomycin,Vancomycin,antibiotic target alteration,vanA,1,0.000220136,vanA
vanHO,vancomycin__vanHO,Vancomycin,Vancomycin,antibiotic target alteration,vanHO,7,0.000311404,vanHO
vanI,vancomycin__vanI,Vancomycin,Vancomycin,antibiotic target alteration,vanI,6,0.000585883,vanI
vanM,vancomycin__vanM,Vancomycin,Vancomycin,antibiotic target alteration,vanM,1,9.8152E-05,vanM
vanO,vancomycin__vanO,Vancomycin,Vancomycin,antibiotic target alteration,vanO,6,0.000354193,vanO
vanXA,vancomycin__vanXA,Vancomycin,Vancomycin,antibiotic target alteration,vanX,1,0.000664872,vanXA
vanXF,vancomycin__vanXF,Vancomycin,Vancomycin,antibiotic target alteration,vanX,1,0.000729053,vanXF
vanXI,vancomycin__vanXI,Vancomycin,Vancomycin,antibiotic target alteration,vanX,3,0.000495328,vanXI
vanXO,vancomycin__vanXO,Vancomycin,Vancomycin,antibiotic target alteration,vanX,9,0.002381861,vanXO
