Node,Type,Abun,data.type
aadA23,Aminoglycoside,0.003688152,ARGs
IMP-22,beta_lactam,0.007534162,ARGs
tetX1,tetracycline,0.000412851,ARGs
vanHO,Vancomycin,0.000311404,ARGs
blaS1,beta_lactam,0.000281312,ARGs
dfrB6,trimethoprim,0.000993637,ARGs
dfrB7,trimethoprim,0.001050185,ARGs
OXA-2,beta_lactam,0.000177689,ARGs
tet(41),tetracycline,9.58528e-05,ARGs
tet(48),tetracycline,0.00026374,ARGs
amrB_ami,Aminoglycoside,4.21056e-05,ARGs
tet(X5),tetracycline,0.000383272,ARGs
FosB,fosfomycin,0.008195522,ARGs
AAC(3)-Id,Aminoglycoside,0.000536012,ARGs
bcrA,Bacitracin,9.62604e-05,ARGs
EXO bl,beta_lactam,0.000282711,ARGs
JOHN-1,beta_lactam,0.000292119,ARGs
SFH-1,beta_lactam,0.000405528,ARGs
OprM,multidrug,0.000182175,ARGs
tet(M),tetracycline,9.90021e-05,ARGs
DfrB9,trimethoprim,0.000797974,ARGs
vanA,Vancomycin,0.000220136,ARGs
TaeA,Pleuromutilin_tiamulin,0.000451755,ARGs
AAC(3)-IIIc,Aminoglycoside,0.000312405,ARGs
AAC(3)-IVb,Aminoglycoside,0.001743611,ARGs
AAC(6')-31,Aminoglycoside,0.000352134,ARGs
AAC(6')-Ib',Aminoglycoside,0.000401253,ARGs
APH(3')-Ia,Aminoglycoside,0.003937551,ARGs
CGA-1,beta_lactam,0.000821744,ARGs
CPS-1,beta_lactam,0.000300555,ARGs
FIA-1,beta_lactam,0.000333572,ARGs
OXA-209,beta_lactam,0.000381727,ARGs
cmx,Chloramphenicol,0.000188825,ARGs
AbaF_Ab,fosfomycin,0.000345343,ARGs
macA,MLS,4.82626e-05,ARGs
MexA,multidrug,4.83184e-05,ARGs
mexP,multidrug,7.01373e-05,ARGs
OpmH,multidrug,7.43832e-05,ARGs
OprN,multidrug,0.000716518,ARGs
RanB,multidrug,0.001041637,ARGs
AbaQ_Ab,Quinolone,0.000191381,ARGs
QepA4,Quinolone,0.000295617,ARGs
tet(30),tetracycline,0.00020844,ARGs
vanXI,Vancomycin,0.000495328,ARGs
APH(7'')-Ia,Aminoglycoside,0.005832497,ARGs
THIN-B bl,beta_lactam,0.000192409,ARGs
IS1166, Insertion Sequences,6.32681860465116e-05,MGEs
ISCR21, Insertion Sequence Common Regions,7.38825813953488e-05,MGEs
ISCrsp1, Insertion Sequence Common Regions,7.44713953488372e-06,MGEs
int3, Integrons,0.000297994418604651,MGEs
istA1, IS Related ,4.66469302325581e-05,MGEs
istA17, IS Related ,2.10232558139535e-06,MGEs
istA7, IS Related ,8.16453488372093e-06,MGEs
tnp-ISCR5, Transposase ,7.14238139534884e-05,MGEs
tnp-ISCR5b, Transposase ,9.2872511627907e-05,MGEs
tnpA(IS5), Transposase ,7.19433953488372e-05,MGEs
tnpA13, Transposase ,1.21100697674419e-05,MGEs
tnpAN, Transposase ,0.000178254744186047,MGEs
tnpAcp2, Transposase ,1.56420697674419e-05,MGEs
